Triple,Model Score,SUBJECT_CUI,SUBJECT_NAME,PREDICATE,OBJECT_CUI,OBJECT_NAME,PMID_List,PubMed_URLs,PMID_Details
"[5877, 9, 2155]",[4.481145858764648],C0071842,prednisolone phosphate,TREATS,C0018567,Hand Dermatoses,,,
"[15072, 9, 518]",[4.2110137939453125],C4482908,lefamulin,TREATS,C0004623,Bacterial Infections,"['39547815', '39461673', '38791439', '38614111', '38508535', '38385364', '38301712', '38195348', '38174805', '38113528']","['39547815: https://pubmed.ncbi.nlm.nih.gov/39547815', '39461673: https://pubmed.ncbi.nlm.nih.gov/39461673', '38791439: https://pubmed.ncbi.nlm.nih.gov/38791439', '38614111: https://pubmed.ncbi.nlm.nih.gov/38614111', '38508535: https://pubmed.ncbi.nlm.nih.gov/38508535', '38385364: https://pubmed.ncbi.nlm.nih.gov/38385364', '38301712: https://pubmed.ncbi.nlm.nih.gov/38301712', '38195348: https://pubmed.ncbi.nlm.nih.gov/38195348', '38174805: https://pubmed.ncbi.nlm.nih.gov/38174805', '38113528: https://pubmed.ncbi.nlm.nih.gov/38113528']","{'39547815': {'Title': 'Lefamulin for Mycoplasma genitalium treatment failure in Australia and the USA: a case series and pilot open-label parallel arm randomised trial.', 'Authors': 'Ramchandani MS, Plummer EL, Parker A, Vodstrcil LA, Soge OO, Aguirre I, Kim J, Hughes JP, Barbee LA, Jensen JS, Manhart LE, Bradshaw CS', 'Source': 'Sex Transm Infect', 'PubDate': '2024 Nov 15', 'DOI': '10.1136/sextrans-2024-056338', 'Volume': '', 'Issue': '', 'Pages': '', 'URL': '39547815: https://pubmed.ncbi.nlm.nih.gov/39547815'}, '39461673': {'Title': 'Assessment of lefamulin 20 µg disk versus broth microdilution when tested against common respiratory pathogens.', 'Authors': 'Cao Y, Zhu J, Liang B, Guo Y, Ding L, Hu F', 'Source': 'Int J Antimicrob Agents', 'PubDate': '2024 Oct 25', 'DOI': '10.1016/j.ijantimicag.2024.107366', 'Volume': '64', 'Issue': '6', 'Pages': '107366', 'URL': '39461673: https://pubmed.ncbi.nlm.nih.gov/39461673'}, '38791439': {'Title': 'In Vivo Immune-Modulatory Activity of Lefamulin in an Influenza Virus A (H1N1) Infection Model in Mice.', 'Authors': 'Paukner S, Kimber S, Cumper C, Rea-Davies T, Sueiro Ballesteros L, Kirkham C, Hargreaves A, Gelone SP, Richards C, Wicha WW', 'Source': 'Int J Mol Sci', 'PubDate': '2024 May 15', 'DOI': '10.3390/ijms25105401', 'Volume': '25', 'Issue': '10', 'Pages': '', 'URL': '38791439: https://pubmed.ncbi.nlm.nih.gov/38791439'}, '38614111': {'Title': 'Antimicrobial-resistant Neisseria gonorrhoeae in Europe in 2020 compared with in 2013 and 2018: a retrospective genomic surveillance study.', 'Authors': 'Golparian D, Cole MJ, Sánchez-Busó L, Day M, Jacobsson S, Uthayakumaran T, Abad R, Bercot B, Caugant DA, Heuer D, Jansen K, Pleininger S, Stefanelli P, Aanensen DM, Bluemel B, Unemo M, Euro-GASP study group', 'Source': 'Lancet Microbe', 'PubDate': '2024 May', 'DOI': '10.1016/S2666-5247(23)00370-1', 'Volume': '5', 'Issue': '5', 'Pages': 'e478-e488', 'URL': '38614111: https://pubmed.ncbi.nlm.nih.gov/38614111'}, '38508535': {'Title': 'Integrative model-based comparison of target site-specific antimicrobial effects: A case study with ceftaroline and lefamulin.', 'Authors': 'van Os W, Pham AD, Eberl S, Minichmayr IK, van Hasselt JGC, Zeitlinger M', 'Source': 'Int J Antimicrob Agents', 'PubDate': '2024 May', 'DOI': '10.1016/j.ijantimicag.2024.107148', 'Volume': '63', 'Issue': '5', 'Pages': '107148', 'URL': '38508535: https://pubmed.ncbi.nlm.nih.gov/38508535'}, '38385364': {'Title': 'Hit-to-Lead Identification and Validation of a Triaromatic Pleuromutilin Antibiotic Candidate.', 'Authors': 'Heidtmann CV, Fejer AR, Stærk K, Pedersen M, Asmussen MG, Hertz FB, Prabhala BK, Frimodt-Møller N, Klitgaard JK, Andersen TE, Nielsen CU, Nielsen P', 'Source': 'J Med Chem', 'PubDate': '2024 Mar 14', 'DOI': '10.1021/acs.jmedchem.3c02153', 'Volume': '67', 'Issue': '5', 'Pages': '3692-3710', 'URL': '38385364: https://pubmed.ncbi.nlm.nih.gov/38385364'}, '38301712': {'Title': 'Antibiotic Strategies for Severe Community-Acquired Pneumonia.', 'Authors': 'Bassetti M, Giacobbe DR, Magnasco L, Fantin A, Vena A, Castaldo N', 'Source': 'Semin Respir Crit Care Med', 'PubDate': '2024 Apr', 'DOI': '10.1055/s-0043-1778641', 'Volume': '45', 'Issue': '2', 'Pages': '187-199', 'URL': '38301712: https://pubmed.ncbi.nlm.nih.gov/38301712'}, '38195348': {'Title': 'Safety and Pharmacokinetics Following Oral or Intravenous Lefamulin in Adults With Cystic Fibrosis.', 'Authors': 'Sawicki GS, Wicha WW, Hiley TS, Close NC, Gelone SP, Guico-Pabia CJ', 'Source': 'Clin Ther', 'PubDate': '2024 Feb', 'DOI': '10.1016/j.clinthera.2023.12.002', 'Volume': '46', 'Issue': '2', 'Pages': '96-103', 'URL': '38195348: https://pubmed.ncbi.nlm.nih.gov/38195348'}, '38174805': {'Title': 'Target attainment of intravenous lefamulin for treatment of acute bacterial skin and skin structure infections.', 'Authors': 'van Os W, Zeitlinger M', 'Source': 'J Antimicrob Chemother', 'PubDate': '2024 Feb 1', 'DOI': '10.1093/jac/dkad401', 'Volume': '79', 'Issue': '2', 'Pages': '443-446', 'URL': '38174805: https://pubmed.ncbi.nlm.nih.gov/38174805'}, '38113528': {'Title': '7-Year (2015-21) longitudinal surveillance of lefamulin in vitro activity against bacterial pathogens collected worldwide from patients with respiratory tract infections including pneumonia and characterization of resistance mechanisms.', 'Authors': 'Paukner S, Mendes RE, Arends SJR, Gassner G, Gelone SP, Sader HS', 'Source': 'J Antimicrob Chemother', 'PubDate': '2024 Feb 1', 'DOI': '10.1093/jac/dkad389', 'Volume': '79', 'Issue': '2', 'Pages': '360-369', 'URL': '38113528: https://pubmed.ncbi.nlm.nih.gov/38113528'}}"
"[551, 9, 4179]",[4.136944770812988],C0004975,Bendroflumethiazide,TREATS,C0035457,"Rhinitis, Allergic, Perennial",,,
"[5657, 9, 6830]",[3.8317551612854004],C0065162,lomefloxacin,TREATS,C0153195,Acute gonococcal cervicitis,['1325892'],['1325892: https://pubmed.ncbi.nlm.nih.gov/1325892'],"{'1325892': {'Title': 'Lomefloxacin and temafloxacin: two new fluoroquinolone antimicrobials.', 'Authors': 'Symonds WT, Nix DE', 'Source': 'Clin Pharm', 'PubDate': '1992 Sep', 'DOI': 'No DOI available', 'Volume': '11', 'Issue': '9', 'Pages': '753-66', 'URL': '1325892: https://pubmed.ncbi.nlm.nih.gov/1325892'}}"
"[913, 9, 6310]",[3.412395477294922],C0007716,cephalexin,TREATS,C0085394,Serratia Infections,"['31643977', '26920557', '23286809', '16875810', '11991409', '9921014', '1726210', '2329100', '2802558', '2504597']","['31643977: https://pubmed.ncbi.nlm.nih.gov/31643977', '26920557: https://pubmed.ncbi.nlm.nih.gov/26920557', '23286809: https://pubmed.ncbi.nlm.nih.gov/23286809', '16875810: https://pubmed.ncbi.nlm.nih.gov/16875810', '11991409: https://pubmed.ncbi.nlm.nih.gov/11991409', '9921014: https://pubmed.ncbi.nlm.nih.gov/9921014', '1726210: https://pubmed.ncbi.nlm.nih.gov/1726210', '2329100: https://pubmed.ncbi.nlm.nih.gov/2329100', '2802558: https://pubmed.ncbi.nlm.nih.gov/2802558', '2504597: https://pubmed.ncbi.nlm.nih.gov/2504597']","{'31643977': {'Title': 'Cephalosporins.', 'Authors': '', 'Source': '', 'PubDate': '2012', 'DOI': 'No DOI available', 'Volume': '', 'Issue': '', 'Pages': '', 'URL': '31643977: https://pubmed.ncbi.nlm.nih.gov/31643977'}, '26920557': {'Title': 'Antagonistic Activity of Nocardia brasiliensis PTCC 1422 Against Isolated Enterobacteriaceae from Urinary Tract Infections.', 'Authors': 'Jalali HK, Salamatzadeh A, Jalali AK, Kashani HH, Asbchin SA, Issazadeh K', 'Source': 'Probiotics Antimicrob Proteins', 'PubDate': '2016 Mar', 'DOI': '10.1007/s12602-016-9207-0', 'Volume': '8', 'Issue': '1', 'Pages': '41-5', 'URL': '26920557: https://pubmed.ncbi.nlm.nih.gov/26920557'}, '23286809': {'Title': 'Serratia marcescens folliculitis and concomitant acne vulgaris.', 'Authors': 'Lehrhoff S, Yost J, Robinson M, Patel R, Sanchez M', 'Source': 'Dermatol Online J', 'PubDate': '2012 Dec 15', 'DOI': 'No DOI available', 'Volume': '18', 'Issue': '12', 'Pages': '19', 'URL': '23286809: https://pubmed.ncbi.nlm.nih.gov/23286809'}, '16875810': {'Title': 'Characterization of imipenem-resistant Serratia marcescens producing IMP-type and TEM-type beta-lactamases encoded on a single plasmid.', 'Authors': 'Zhao WH, Hu ZQ, Chen G, Matsushita K, Fukuchi K, Shimamura T', 'Source': 'Microbiol Res', 'PubDate': '2007', 'DOI': '10.1016/j.micres.2006.06.005', 'Volume': '162', 'Issue': '1', 'Pages': '46-52', 'URL': '16875810: https://pubmed.ncbi.nlm.nih.gov/16875810'}, '11991409': {'Title': 'Bacterial colonization of intravenous catheters in young dogs suspected to have parvoviral enteritis.', 'Authors': 'Lobetti RG, Joubert KE, Picard J, Carstens J, Pretorius E', 'Source': 'J Am Vet Med Assoc', 'PubDate': '2002 May 1', 'DOI': '10.2460/javma.2002.220.1321', 'Volume': '220', 'Issue': '9', 'Pages': '1321-4', 'URL': '11991409: https://pubmed.ncbi.nlm.nih.gov/11991409'}, '9921014': {'Title': '[Antibiotic sensitivity of bacteria isolated from the urine of children with urinary tract infections from 1986 to 1995].', 'Authors': 'Lazarević G, Petreska D, Pavlović S', 'Source': 'Srp Arh Celok Lek', 'PubDate': '1998 Nov-Dec', 'DOI': 'No DOI available', 'Volume': '126', 'Issue': '11-12', 'Pages': '423-9', 'URL': '9921014: https://pubmed.ncbi.nlm.nih.gov/9921014'}, '1726210': {'Title': 'Microbiological evaluation of cefpodoxime proxetil.', 'Authors': 'Wiedemann B, Luhmer E, Zühlsdorf MT', 'Source': 'Drugs', 'PubDate': '1991', 'DOI': '10.2165/00003495-199100423-00004', 'Volume': '42 Suppl 3', 'Issue': '', 'Pages': '6-12', 'URL': '1726210: https://pubmed.ncbi.nlm.nih.gov/1726210'}, '2329100': {'Title': 'The in-vitro activity of ceftibuten against 475 clinical isolates of gram-negative bacilli, compared with cefuroxime and cefadroxil.', 'Authors': 'Bragman SG, Casewell MW', 'Source': 'J Antimicrob Chemother', 'PubDate': '1990 Feb', 'DOI': '10.1093/jac/25.2.221', 'Volume': '25', 'Issue': '2', 'Pages': '221-6', 'URL': '2329100: https://pubmed.ncbi.nlm.nih.gov/2329100'}, '2802558': {'Title': 'beta-Lactamase stability and in vitro activity of oral cephalosporins against strains possessing well-characterized mechanisms of resistance.', 'Authors': 'Sanders CC', 'Source': 'Antimicrob Agents Chemother', 'PubDate': '1989 Aug', 'DOI': '10.1128/AAC.33.8.1313', 'Volume': '33', 'Issue': '8', 'Pages': '1313-7', 'URL': '2802558: https://pubmed.ncbi.nlm.nih.gov/2802558'}, '2504597': {'Title': 'In vitro antibacterial properties of cefetamet and in vivo activity of its orally absorbable ester derivative, cefetamet pivoxil.', 'Authors': 'Angehrn P, Hohl P, Then RL', 'Source': 'Eur J Clin Microbiol Infect Dis', 'PubDate': '1989 Jun', 'DOI': '10.1007/BF01967476', 'Volume': '8', 'Issue': '6', 'Pages': '536-43', 'URL': '2504597: https://pubmed.ncbi.nlm.nih.gov/2504597'}}"
"[5354, 9, 1225]",[3.2349720001220703],C0055881,clindamycin phosphate,TREATS,C0010346,Crohn's disease,,,
"[5377, 9, 1159]",[2.7866744995117188],C0056519,crotamiton,TREATS,C0009766,Allergic Conjunctivitis,,,
"[3983, 9, 2998]",[2.613499879837036],C0033978,Psychotropic Drugs,TREATS,C0025322,Premature Menopause,"['37647930', '35662548', '28609392', '26721361', '24852403', '23528735', '23320652', '23176759', '23082606', '22721806']","['37647930: https://pubmed.ncbi.nlm.nih.gov/37647930', '35662548: https://pubmed.ncbi.nlm.nih.gov/35662548', '28609392: https://pubmed.ncbi.nlm.nih.gov/28609392', '26721361: https://pubmed.ncbi.nlm.nih.gov/26721361', '24852403: https://pubmed.ncbi.nlm.nih.gov/24852403', '23528735: https://pubmed.ncbi.nlm.nih.gov/23528735', '23320652: https://pubmed.ncbi.nlm.nih.gov/23320652', '23176759: https://pubmed.ncbi.nlm.nih.gov/23176759', '23082606: https://pubmed.ncbi.nlm.nih.gov/23082606', '22721806: https://pubmed.ncbi.nlm.nih.gov/22721806']","{'37647930': {'Title': 'Evaluation and Comparison of Citalopram and Venlafaxine for Management of Hot Flashes in Women with Breast Cancer.', 'Authors': 'Taleghani SY, Etesam F, Esfandbod M', 'Source': 'Drug Res (Stuttg)', 'PubDate': '2023 Oct', 'DOI': '10.1055/a-2061-7020', 'Volume': '73', 'Issue': '8', 'Pages': '465-472', 'URL': '37647930: https://pubmed.ncbi.nlm.nih.gov/37647930'}, '35662548': {'Title': 'Impact of cannabinoids on pregnancy, reproductive health, and offspring outcomes.', 'Authors': 'Lo JO, Hedges JC, Girardi G', 'Source': 'Am J Obstet Gynecol', 'PubDate': '2022 Oct', 'DOI': '10.1016/j.ajog.2022.05.056', 'Volume': '227', 'Issue': '4', 'Pages': '571-581', 'URL': '35662548: https://pubmed.ncbi.nlm.nih.gov/35662548'}, '28609392': {'Title': 'The role of hormone therapy in the management of severe postpartum depression in patients with Turner syndrome.', 'Authors': 'Shea AK, Wolfman W', 'Source': 'Menopause', 'PubDate': '2017 Nov', 'DOI': '10.1097/GME.0000000000000915', 'Volume': '24', 'Issue': '11', 'Pages': '1309-1312', 'URL': '28609392: https://pubmed.ncbi.nlm.nih.gov/28609392'}, '26721361': {'Title': 'Hypoestrogenism alters mood: Ketamine reverses depressive-like behavior induced by ovariectomy in rats.', 'Authors': 'Moreira SF, Nunes EA, Kuo J, de Macedo IC, Muchale A, de Oliveira C, Scarabelot VL, Marques Filho PR, Medeiros LF, Caumo W, Torres IL', 'Source': 'Pharmacol Rep', 'PubDate': '2016 Feb', 'DOI': '10.1016/j.pharep.2015.06.009', 'Volume': '68', 'Issue': '1', 'Pages': '109-15', 'URL': '26721361: https://pubmed.ncbi.nlm.nih.gov/26721361'}, '24852403': {'Title': 'Treatment of climacteric symptoms in breast cancer patients: a retrospective study from a medication databank.', 'Authors': 'Antoine C, Ameye L, Paesmans M, Rozenberg S', 'Source': 'Maturitas', 'PubDate': '2014 Jul', 'DOI': '10.1016/j.maturitas.2014.04.020', 'Volume': '78', 'Issue': '3', 'Pages': '228-32', 'URL': '24852403: https://pubmed.ncbi.nlm.nih.gov/24852403'}, '23528735': {'Title': 'Menopause could be involved in the pathogenesis of muscle and joint aches in mid-aged women.', 'Authors': 'Blümel JE, Chedraui P, Baron G, Belzares E, Bencosme A, Calle A, Danckers L, Espinoza MT, Flores D, Gomez G, Hernandez-Bueno JA, Izaguirre H, Leon-Leon P, Lima S, Mezones-Holguin E, Monterrosa A, Mostajo D, Navarro D, Ojeda E, Onatra W, Royer M, Soto E, Tserotas K, Vallejo MS', 'Source': 'Maturitas', 'PubDate': '2013 May', 'DOI': '10.1016/j.maturitas.2013.02.012', 'Volume': '75', 'Issue': '1', 'Pages': '94-100', 'URL': '23528735: https://pubmed.ncbi.nlm.nih.gov/23528735'}, '23320652': {'Title': 'Differences in clinician understanding and management of early menopause after breast cancer.', 'Authors': 'Sayakhot P, Teede HJ, Gibson-Helm M, Vincent A', 'Source': 'Climacteric', 'PubDate': '2013 Aug', 'DOI': '10.3109/13697137.2013.765842', 'Volume': '16', 'Issue': '4', 'Pages': '479-89', 'URL': '23320652: https://pubmed.ncbi.nlm.nih.gov/23320652'}, '23176759': {'Title': 'Assessment of insomnia and related risk factors in postmenopausal women screened for the metabolic syndrome.', 'Authors': ""Chedraui P, San Miguel G, Villacreses D, Dominguez A, Jaramillo W, Escobar GS, Pérez-López FR, Genazzani AR, Simoncini T, Research Group for the Omega Women's Health Project"", 'Source': 'Maturitas', 'PubDate': '2013 Feb', 'DOI': '10.1016/j.maturitas.2012.10.017', 'Volume': '74', 'Issue': '2', 'Pages': '154-9', 'URL': '23176759: https://pubmed.ncbi.nlm.nih.gov/23176759'}, '23082606': {'Title': 'Breast cancer and menopause: art, science and quality of life.', 'Authors': 'Chism L', 'Source': 'Adv NPs PAs', 'PubDate': '2012 Oct', 'DOI': 'No DOI available', 'Volume': '3', 'Issue': '10', 'Pages': '21-4; quiz 25', 'URL': '23082606: https://pubmed.ncbi.nlm.nih.gov/23082606'}, '22721806': {'Title': 'Perceived stress, insomnia and related factors in women around the menopause.', 'Authors': 'Cuadros JL, Fernández-Alonso AM, Cuadros-Celorrio AM, Fernández-Luzón N, Guadix-Peinado MJ, del Cid-Martín N, Chedraui P, Pérez-López FR, MenopAuse RIsk Assessment (MARIA) Research Group', 'Source': 'Maturitas', 'PubDate': '2012 Aug', 'DOI': '10.1016/j.maturitas.2012.05.012', 'Volume': '72', 'Issue': '4', 'Pages': '367-72', 'URL': '22721806: https://pubmed.ncbi.nlm.nih.gov/22721806'}}"
"[3915, 9, 4439]",[2.6090376377105713],C0033447,propantheline,TREATS,C0038054,"Sprue, Tropical",,,
"[3854, 9, 2409]",[2.416133165359497],C0032950,prednisolone,TREATS,C0020635,Hypopituitarism,"['38769570', '38131878', '36175850', '35435206', '35415221', '34906226', '34307847', '33675204', '33622518', '33087628']","['38769570: https://pubmed.ncbi.nlm.nih.gov/38769570', '38131878: https://pubmed.ncbi.nlm.nih.gov/38131878', '36175850: https://pubmed.ncbi.nlm.nih.gov/36175850', '35435206: https://pubmed.ncbi.nlm.nih.gov/35435206', '35415221: https://pubmed.ncbi.nlm.nih.gov/35415221', '34906226: https://pubmed.ncbi.nlm.nih.gov/34906226', '34307847: https://pubmed.ncbi.nlm.nih.gov/34307847', '33675204: https://pubmed.ncbi.nlm.nih.gov/33675204', '33622518: https://pubmed.ncbi.nlm.nih.gov/33622518', '33087628: https://pubmed.ncbi.nlm.nih.gov/33087628']","{'38769570': {'Title': 'Hypopituitarism with secondary adrenocortical insufficiency and arginine vasopressin deficiency due to hypophysitis after COVID-19 vaccination: a case report.', 'Authors': 'Watanabe S, Tamura Y, Oba K, Kitayama S, Sato M, Kodera R, Toyoshima K, Chiba Y, Araki A', 'Source': 'BMC Endocr Disord', 'PubDate': '2024 May 20', 'DOI': '10.1186/s12902-024-01582-9', 'Volume': '24', 'Issue': '1', 'Pages': '71', 'URL': '38769570: https://pubmed.ncbi.nlm.nih.gov/38769570'}, '38131878': {'Title': 'A case of IgG4-related hypophysitis maintained remission of diabetes insipidus for over 3 months after completion of steroid treatment.', 'Authors': 'Kubori M, Fujimoto M, Okauchi Y, Matsuno K, Yamabayashi E, Sakamoto R, Inada S, Iwahashi H', 'Source': 'Endocrinol Diabetes Metab Case Rep', 'PubDate': '2023 Oct 1', 'DOI': '10.1530/EDM-23-0007', 'Volume': '2023', 'Issue': '4', 'Pages': '', 'URL': '38131878: https://pubmed.ncbi.nlm.nih.gov/38131878'}, '36175850': {'Title': 'Secondary autoimmune hypothalamitis with severe memory impairment 7\u2009years after the onset of diabetes insipidus due to lymphocytic hypophysitis: a case report.', 'Authors': 'Asada T, Takenoshita S, Senda M, Yamamoto K, Sasaki R, Otsuka F, Terada S, Yamada N', 'Source': 'BMC Neurol', 'PubDate': '2022 Sep 29', 'DOI': '10.1186/s12883-022-02891-z', 'Volume': '22', 'Issue': '1', 'Pages': '371', 'URL': '36175850: https://pubmed.ncbi.nlm.nih.gov/36175850'}, '35435206': {'Title': '[Pituitary immune-related adverse events induced by programmed cell death protein 1 inhibitors in advanced lung cancer patients: A report of 3 cases].', 'Authors': 'Gu YC, Liu Y, Xie C, Cao BS', 'Source': 'Beijing Da Xue Xue Bao Yi Xue Ban', 'PubDate': '2022 Apr 18', 'DOI': '10.19723/j.issn.1671-167X.2022.02.027', 'Volume': '54', 'Issue': '2', 'Pages': '369-375', 'URL': '35435206: https://pubmed.ncbi.nlm.nih.gov/35435206'}, '35415221': {'Title': 'Camurati-Engelmann Disease Complicated by Hypopituitarism: Management Challenges and Literature Review of Outcomes With Bisphosphonates.', 'Authors': 'Das L, Dhiman V, Dutta P, Sood A, Prakash M, Kaur S, Steenackers E, Hendrickx G, Dayal D, Van Hul W, Bhadada SK', 'Source': 'AACE Clin Case Rep', 'PubDate': '2022 Mar-Apr', 'DOI': '10.1016/j.aace.2021.10.002', 'Volume': '8', 'Issue': '2', 'Pages': '58-64', 'URL': '35415221: https://pubmed.ncbi.nlm.nih.gov/35415221'}, '34906226': {'Title': 'Recurrent autoimmune hypophysitis treated with rituximab: a case report.', 'Authors': 'Kruse M, Olesen TB, Markovic L, Glintborg D, Andersen MS', 'Source': 'J Med Case Rep', 'PubDate': '2021 Dec 15', 'DOI': '10.1186/s13256-021-03146-0', 'Volume': '15', 'Issue': '1', 'Pages': '591', 'URL': '34906226: https://pubmed.ncbi.nlm.nih.gov/34906226'}, '34307847': {'Title': 'ICAM1-Negative Intravascular Large B-Cell Lymphoma of the Pituitary Gland: A Case Report and Literature Review.', 'Authors': 'Naito K, Suzuki S, Ohwada C, Ishiwata K, Ruike Y, Ishida A, Deguchi-Horiuchi H, Fujimoto M, Koide H, Sakaida E, Horiguchi K, Iwadate Y, Tatsuno I, Inoshita N, Ikeda JI, Tanaka T, Yokote K', 'Source': 'AACE Clin Case Rep', 'PubDate': '2021 Jul-Aug', 'DOI': '10.1016/j.aace.2021.01.011', 'Volume': '7', 'Issue': '4', 'Pages': '249-255', 'URL': '34307847: https://pubmed.ncbi.nlm.nih.gov/34307847'}, '33675204': {'Title': 'IgG4-related hypophysitis in adolescence.', 'Authors': ""Arya VB, El-Gasim SA, Das S, Reisz Z, Zebian B, D'Cruz D, King A, Hampton T, Aylwin SJB, Kapoor RR, Buchanan CR"", 'Source': 'J Pediatr Endocrinol Metab', 'PubDate': '2021 Mar 26', 'DOI': '10.1515/jpem-2020-0535', 'Volume': '34', 'Issue': '3', 'Pages': '395-399', 'URL': '33675204: https://pubmed.ncbi.nlm.nih.gov/33675204'}, '33622518': {'Title': 'Pituitary enlargement following ipilimumab without long term endocrine dysfunction.', 'Authors': 'Nogueira E, Menon A, Dede A, Mitra I, Brock C, Larkin J, Morganstein D', 'Source': 'Curr Probl Cancer', 'PubDate': '2021 Dec', 'DOI': '10.1016/j.currproblcancer.2021.100710', 'Volume': '45', 'Issue': '6', 'Pages': '100710', 'URL': '33622518: https://pubmed.ncbi.nlm.nih.gov/33622518'}, '33087628': {'Title': ""Two cases of symptomatic secondary hypophysitis due to Rathke's cleft cysts treated with glucocorticoids: long-term follow-up."", 'Authors': 'Deguchi-Horiuchi H, Koide H, Sakuma I, Gao Y, Higuchi S, Nagano H, Hashimoto N, Horiguchi K, Iwadate Y, Inoshita N, Yokote K, Tanaka T', 'Source': 'Endocr J', 'PubDate': '2021 Mar 28', 'DOI': '10.1507/endocrj.EJ20-0361', 'Volume': '68', 'Issue': '3', 'Pages': '269-279', 'URL': '33087628: https://pubmed.ncbi.nlm.nih.gov/33087628'}}"
"[11960, 9, 4179]",[2.2433297634124756],C0981934,oat smut allergenic extract,TREATS,C0035457,"Rhinitis, Allergic, Perennial",,,
"[5354, 9, 3972]",[2.1320457458496094],C0055881,clindamycin phosphate,TREATS,C0033860,Psoriasis,,,
"[5325, 9, 3587]",[1.9951646327972412],C0055339,chloramphenicol succinate,TREATS,C0030783,Pellagra,,,
"[6483, 9, 1645]",[1.9416894912719727],C0102819,altrenogest,TREATS,C0014173,Endometrial Hyperplasia,"['39615447', '3103703']","['39615447: https://pubmed.ncbi.nlm.nih.gov/39615447', '3103703: https://pubmed.ncbi.nlm.nih.gov/3103703']","{'39615447': {'Title': 'Effects of altrenogest supplementation in late lactation on reproductive performance of primiparous sows.', 'Authors': 'Oliveira Pires DK, Ferreira SV, Rossato G, Lopes-Ferreira JV, Cardoso LC, Shinkawa AL, Campos Lobato de Almeida FR', 'Source': 'Theriogenology', 'PubDate': '2024 Nov 19', 'DOI': '10.1016/j.theriogenology.2024.11.013', 'Volume': '233', 'Issue': '', 'Pages': '131-138', 'URL': '39615447: https://pubmed.ncbi.nlm.nih.gov/39615447'}, '3103703': {'Title': 'Effects of altrenogest and exogenous gonadotropins on ovarian function and embryo recovery in swine leukocyte antigen inbred miniature swine as influenced by cystic endometrial hyperplasia.', 'Authors': 'Diehl JR, Stuart LD, Goodrowe KL, Wildt DE', 'Source': 'Biol Reprod', 'PubDate': '1986 Dec', 'DOI': '10.1095/biolreprod35.5.1261', 'Volume': '35', 'Issue': '5', 'Pages': '1261-8', 'URL': '3103703: https://pubmed.ncbi.nlm.nih.gov/3103703'}}"
"[6462, 9, 14922]",[1.925934076309204],C0087161,retinol,TREATS,C4076057,Urinary tract infection caused by Klebsiella,,,
"[14125, 9, 4111]",[1.8373124599456787],C2723729,rabbit skin extract,TREATS,C0034886,Rectal pain,,,
"[6020, 9, 1361]",[1.7272872924804688],C0076653,tiaprofenic acid,TREATS,C0011615,"Dermatitis, Atopic",,,
"[13576, 9, 3171]",[1.7261714935302734],C1832049,elotuzumab,TREATS,C0026769,Multiple Sclerosis,['37568823'],['37568823: https://pubmed.ncbi.nlm.nih.gov/37568823'],"{'37568823': {'Title': 'Assessing Osteolytic Lesion Size on Sequential CT Scans Is a Reliable Study Endpoint for Bone Remineralization in Newly Diagnosed Multiple Myeloma.', 'Authors': 'Grunz JP, Kunz AS, Baumann FT, Hasenclever D, Sieren MM, Heldmann S, Bley TA, Einsele H, Knop S, Jundt F', 'Source': 'Cancers (Basel)', 'PubDate': '2023 Aug 7', 'DOI': '10.3390/cancers15154008', 'Volume': '15', 'Issue': '15', 'Pages': '', 'URL': '37568823: https://pubmed.ncbi.nlm.nih.gov/37568823'}}"
"[14254, 9, 1703]",[1.6771156787872314],C2930764,ataluren,TREATS,C0014733,Erysipelas,,,
"[11103, 9, 1160]",[1.6744465827941895],C0770578,"sodium phosphate, monobasic",TREATS,C0009768,Bacterial conjunctivitis,"['29922978', '7228399']","['29922978: https://pubmed.ncbi.nlm.nih.gov/29922978', '7228399: https://pubmed.ncbi.nlm.nih.gov/7228399']","{'29922978': {'Title': 'Novel hydrogel-based ocular drug delivery system for the treatment of conjunctivitis.', 'Authors': 'Deepthi S, Jose J', 'Source': 'Int Ophthalmol', 'PubDate': '2019 Jun', 'DOI': '10.1007/s10792-018-0955-6', 'Volume': '39', 'Issue': '6', 'Pages': '1355-1366', 'URL': '29922978: https://pubmed.ncbi.nlm.nih.gov/29922978'}, '7228399': {'Title': 'Purification and partial characterization of the major outer membrane protein of Chlamydia trachomatis.', 'Authors': 'Caldwell HD, Kromhout J, Schachter J', 'Source': 'Infect Immun', 'PubDate': '1981 Mar', 'DOI': '10.1128/iai.31.3.1161-1176.1981', 'Volume': '31', 'Issue': '3', 'Pages': '1161-76', 'URL': '7228399: https://pubmed.ncbi.nlm.nih.gov/7228399'}}"
"[14446, 9, 2910]",[1.622908353805542],C3272640,anagliptin,TREATS,C0024586,Malignant Carcinoid Syndrome,,,
"[6200, 9, 3962]",[1.5567114353179932],C0081787,isoflupredone acetate,TREATS,C0033777,Pruritus of genital organs,,,
"[6647, 9, 8275]",[1.512763261795044],C0140610,risedronic acid,TREATS,C0270425,Bipolar disorder in remission,,,
"[3513, 9, 4062]",[1.4840657711029053],C0030140,hydroxyamfetamine,TREATS,C0034686,Rat-Bite Fever,,,
"[6661, 9, 2242]",[1.4513071775436401],C0142825,sodium citrate,TREATS,C0019163,Hepatitis B,"['24720911', '7738148', '2215759', '2801726', '18546103']","['24720911: https://pubmed.ncbi.nlm.nih.gov/24720911', '7738148: https://pubmed.ncbi.nlm.nih.gov/7738148', '2215759: https://pubmed.ncbi.nlm.nih.gov/2215759', '2801726: https://pubmed.ncbi.nlm.nih.gov/2801726', '18546103: https://pubmed.ncbi.nlm.nih.gov/18546103']","{'24720911': {'Title': 'A single-tube nucleotide isolation reagent for the quantitative PCR detection of virus in body fluids.', 'Authors': 'Liu H, Wu Y, Liu C, He J', 'Source': 'J Virol Methods', 'PubDate': '2014 Jul', 'DOI': '10.1016/j.jviromet.2014.01.004', 'Volume': '203', 'Issue': '', 'Pages': '81-7', 'URL': '24720911: https://pubmed.ncbi.nlm.nih.gov/24720911'}, '7738148': {'Title': 'Detection of hepatitis B and woodchuck hepatitis viral DNA in plasma and mononuclear cells from heparinized blood by the polymerase chain reaction.', 'Authors': 'Pardoe IU, Michalak TI', 'Source': 'J Virol Methods', 'PubDate': '1995 Feb', 'DOI': '10.1016/0166-0934(94)00116-x', 'Volume': '51', 'Issue': '2-3', 'Pages': '277-88', 'URL': '7738148: https://pubmed.ncbi.nlm.nih.gov/7738148'}, '2215759': {'Title': '[The use of a mixture of citrated erythrocytes and heparin plasma for exchange transfusions].', 'Authors': 'Brink MA, Derks MJ, Pietersz RN, Reesink HW', 'Source': 'Ned Tijdschr Geneeskd', 'PubDate': '1990 Sep 22', 'DOI': 'No DOI available', 'Volume': '134', 'Issue': '38', 'Pages': '1856-9', 'URL': '2215759: https://pubmed.ncbi.nlm.nih.gov/2215759'}, '2801726': {'Title': 'Purification and large-scale preparation of antithrombin III.', 'Authors': 'Hoffman DL', 'Source': 'Am J Med', 'PubDate': '1989 Sep 11', 'DOI': '10.1016/0002-9343(89)80527-3', 'Volume': '87', 'Issue': '3B', 'Pages': '23S-26S', 'URL': '2801726: https://pubmed.ncbi.nlm.nih.gov/2801726'}, '18546103': {'Title': 'Kinetics of thermal denaturation of antithrombin III.', 'Authors': 'Mitra G, Schneider PM, Lundblad JL', 'Source': 'Biotechnol Bioeng', 'PubDate': '1982 Jan', 'DOI': '10.1002/bit.260240109', 'Volume': '24', 'Issue': '1', 'Pages': '97-107', 'URL': '18546103: https://pubmed.ncbi.nlm.nih.gov/18546103'}}"
"[1329, 9, 3151]",[1.393891453742981],C0011276,demeclocycline,TREATS,C0026603,Motion Sickness,,,
"[6519, 9, 12497]",[1.3642786741256714],C0108938,cefpodoxime proxetil,TREATS,C1290884,Inflammatory disorder,"['33109179', '23845192', '9819592']","['33109179: https://pubmed.ncbi.nlm.nih.gov/33109179', '23845192: https://pubmed.ncbi.nlm.nih.gov/23845192', '9819592: https://pubmed.ncbi.nlm.nih.gov/9819592']","{'33109179': {'Title': 'Isolation and characterization of Uropathogenic Escherichia coli (UPEC) from red panda (Ailurus fulgens).', 'Authors': 'Liu S, Li Y, Yue C, Zhang D, Su X, Yan X, Yang K, Chen X, Zhuo G, Cai T, Liu J, Peng X, Hou R', 'Source': 'BMC Vet Res', 'PubDate': '2020 Oct 27', 'DOI': '10.1186/s12917-020-02624-9', 'Volume': '16', 'Issue': '1', 'Pages': '404', 'URL': '33109179: https://pubmed.ncbi.nlm.nih.gov/33109179'}, '23845192': {'Title': 'Cefpodoxime proxetil-related hemolysis and acute interstitial nephritis.', 'Authors': 'Yilmaz H, Bilgiç MA, Bavbek N, Akçay A', 'Source': 'Curr Drug Saf', 'PubDate': '2013 Apr', 'DOI': '10.2174/15748863113089990028', 'Volume': '8', 'Issue': '2', 'Pages': '145-7', 'URL': '23845192: https://pubmed.ncbi.nlm.nih.gov/23845192'}, '9819592': {'Title': '[Can aminopenicillin be prescribed as monotherapy in case of community-acquired pneumonia?].', 'Authors': 'Léophonte P', 'Source': 'Presse Med', 'PubDate': '1998 Oct 17', 'DOI': 'No DOI available', 'Volume': '27', 'Issue': '31', 'Pages': '1580-1', 'URL': '9819592: https://pubmed.ncbi.nlm.nih.gov/9819592'}}"
"[5875, 9, 1872]",[1.2715121507644653],C0071836,prednicarbate,TREATS,C0016053,Fibromyalgia,,,
"[11046, 9, 9348]",[1.251204252243042],C0753645,gatifloxacin,TREATS,C0405580,Adrenal cortical hypofunction,,,
"[560, 9, 3565]",[1.244802474975586],C0005059,benzocaine,TREATS,C0030578,Paronychia Inflammation,,,
"[565, 9, 1774]",[1.2373415231704712],C0005098,benzatropine,TREATS,C0015230,Exanthema,,,
"[612, 9, 1639]",[1.1440160274505615],C0005632,bisacodyl,TREATS,C0014122,Subacute Bacterial Endocarditis,,,
"[4594, 9, 1680]",[1.1297667026519775],C0039512,Teniposide,TREATS,C0014488,Epicondylitis,,,
"[9080, 9, 12356]",[1.045966386795044],C0360384,Oral form acyclovir,TREATS,C1260880,Rhinorrhea,,,
"[15145, 9, 2597]",[1.026609182357788],C4524315,larotrectinib,TREATS,C0022073,Iridocyclitis,,,
"[5974, 9, 2823]",[1.0228981971740723],C0075007,spirapril,TREATS,C0023890,Liver Cirrhosis,['8276049'],['8276049: https://pubmed.ncbi.nlm.nih.gov/8276049'],"{'8276049': {'Title': 'Pharmacokinetics and haemodynamic effects of a single oral dose of the novel ACE inhibitor spirapril in patients with chronic liver disease.', 'Authors': 'Krähenbühl S, Grass P, Surve A, Kutz K, Reichen J', 'Source': 'Eur J Clin Pharmacol', 'PubDate': '1993', 'DOI': '10.1007/BF00315391', 'Volume': '45', 'Issue': '3', 'Pages': '247-53', 'URL': '8276049: https://pubmed.ncbi.nlm.nih.gov/8276049'}}"
"[5488, 9, 2373]",[1.0185807943344116],C0059874,etoposide phosphate,TREATS,C0020476,Hyperlipoproteinemias,,,
"[344, 9, 2363]",[0.9868355989456177],C0003204,Anti-Infective Agents,TREATS,C0020443,hypercholesterolemia,"['39181298', '39153251', '38932112', '38578332', '38568825', '38547729', '38484559', '38055983', '37894485', '37882606']","['39181298: https://pubmed.ncbi.nlm.nih.gov/39181298', '39153251: https://pubmed.ncbi.nlm.nih.gov/39153251', '38932112: https://pubmed.ncbi.nlm.nih.gov/38932112', '38578332: https://pubmed.ncbi.nlm.nih.gov/38578332', '38568825: https://pubmed.ncbi.nlm.nih.gov/38568825', '38547729: https://pubmed.ncbi.nlm.nih.gov/38547729', '38484559: https://pubmed.ncbi.nlm.nih.gov/38484559', '38055983: https://pubmed.ncbi.nlm.nih.gov/38055983', '37894485: https://pubmed.ncbi.nlm.nih.gov/37894485', '37882606: https://pubmed.ncbi.nlm.nih.gov/37882606']","{'39181298': {'Title': 'Co-exposure to parabens, bisphenol A, and triclosan and the associations with dyslipidemia in Chinese older adults: The mediation effect of oxidative stress.', 'Authors': 'Guo Z, Ren X, Liu P, Deng Y, Bian J, Ge Y, Xu B, Tang X, Li X, Huang H, Liu J, Lu S', 'Source': 'Environ Res', 'PubDate': '2024 Dec 1', 'DOI': '10.1016/j.envres.2024.119835', 'Volume': '262', 'Issue': 'Pt 1', 'Pages': '119835', 'URL': '39181298: https://pubmed.ncbi.nlm.nih.gov/39181298'}, '39153251': {'Title': 'Cardioprotective potential of oleuropein, hydroxytyrosol, oleocanthal and their combination: Unravelling complementary effects on acute myocardial infarction and metabolic syndrome.', 'Authors': 'Christodoulou A, Nikolaou PE, Symeonidi L, Katogiannis K, Pechlivani L, Nikou T, Varela A, Chania C, Zerikiotis S, Efentakis P, Vlachodimitropoulos D, Katsoulas N, Agapaki A, Dimitriou C, Tsoumani M, Kostomitsopoulos N, Davos CH, Skaltsounis AL, Tselepis A, Halabalaki M, Tseti I, Iliodromitis EK, Ikonomidis I, Andreadou I', 'Source': 'Redox Biol', 'PubDate': '2024 Oct', 'DOI': '10.1016/j.redox.2024.103311', 'Volume': '76', 'Issue': '', 'Pages': '103311', 'URL': '39153251: https://pubmed.ncbi.nlm.nih.gov/39153251'}, '38932112': {'Title': 'Lack of Association of Vascular Risk Factors with HIV-Associated Neurocognitive Disorders in cART-Treated Adults Aged ≥ 50 Years in Tanzania.', 'Authors': 'Flack KA, Rainey ES, Urasa SJ, Koipapi S, Kalaria RN, Howlett WP, Mukaetova-Ladinska EB, Dekker MCJ, Gray WK, Walker RW, Dotchin CL, Mtwaile H, Lewis TCD, Stone LG, McNally RJQ, Makupa PC, Paddick SM', 'Source': 'Viruses', 'PubDate': '2024 May 22', 'DOI': '10.3390/v16060819', 'Volume': '16', 'Issue': '6', 'Pages': '', 'URL': '38932112: https://pubmed.ncbi.nlm.nih.gov/38932112'}, '38578332': {'Title': 'Factors associated with early hydroxychloroquine-induced retinal toxicity in patients with systemic lupus erythematosus.', 'Authors': 'Araújo O, Hernández-Negrín H, Casaroli-Marano RP, Hernández-Rodríguez J, Adán A, Espinosa G, Pelegrín L, Cervera R', 'Source': 'Graefes Arch Clin Exp Ophthalmol', 'PubDate': '2024 Sep', 'DOI': '10.1007/s00417-024-06461-6', 'Volume': '262', 'Issue': '9', 'Pages': '2823-2832', 'URL': '38578332: https://pubmed.ncbi.nlm.nih.gov/38578332'}, '38568825': {'Title': 'Butyric acid and prospects for creation of new medicines based on its derivatives: a literature review.', 'Authors': ""Gerunova LK, Gerunov TV, P'yanova LG, Lavrenov AV, Sedanova AV, Delyagina MS, Fedorov YN, Kornienko NV, Kryuchek YO, Tarasenko AA"", 'Source': 'J Vet Sci', 'PubDate': '2024 Mar', 'DOI': '10.4142/jvs.23230', 'Volume': '25', 'Issue': '2', 'Pages': 'e23', 'URL': '38568825: https://pubmed.ncbi.nlm.nih.gov/38568825'}, '38547729': {'Title': 'In vivo chronic exposure to inorganic mercury worsens hypercholesterolemia, oxidative stress and atherosclerosis in the LDL receptor knockout mice.', 'Authors': 'Queiroz MIC, Lazaro CM, Dos Santos LMB, Rentz T, Virgilio-da-Silva JV, Moraes-Vieira PMM, Cunha FAS, Santos JCC, Vercesi AE, Leite ACR, Oliveira HCF', 'Source': 'Ecotoxicol Environ Saf', 'PubDate': '2024 Apr 15', 'DOI': '10.1016/j.ecoenv.2024.116254', 'Volume': '275', 'Issue': '', 'Pages': '116254', 'URL': '38547729: https://pubmed.ncbi.nlm.nih.gov/38547729'}, '38484559': {'Title': 'Tangshen formula targets the gut microbiota to treat non-alcoholic fatty liver disease in HFD mice: A 16S rRNA and non-targeted metabolomics analyses.', 'Authors': 'Wang S, Li X, Zhang B, Li Y, Chen K, Qi H, Gao M, Rong J, Liu L, Wan Y, Dong X, Yan M, Ma L, Li P, Zhao T', 'Source': 'Biomed Pharmacother', 'PubDate': '2024 Apr', 'DOI': '10.1016/j.biopha.2024.116405', 'Volume': '173', 'Issue': '', 'Pages': '116405', 'URL': '38484559: https://pubmed.ncbi.nlm.nih.gov/38484559'}, '38055983': {'Title': 'Foamy Macrophages in a Case of Mononucleosis With Amoxicillin-Induced Rash, Hyperlipidemia, and Hemophagocytic Lymphohistiocytosis.', 'Authors': 'Gonzalez-Lopez G, Fried I, Schadelbauer E, Cerroni L', 'Source': 'Am J Dermatopathol', 'PubDate': '2024 Feb 1', 'DOI': '10.1097/DAD.0000000000002604', 'Volume': '46', 'Issue': '2', 'Pages': '104-106', 'URL': '38055983: https://pubmed.ncbi.nlm.nih.gov/38055983'}, '37894485': {'Title': 'Determination of Luteolin 7-Glucuronide in Perilla frutescens (L.) Britt. Leaf Extracts from Different Regions of China and Republic of Korea and Its Cholesterol-Lowering Effect.', 'Authors': 'Wu Z, Lee S, Kang B, Lee S, Koo K, Lee J, Lim S', 'Source': 'Molecules', 'PubDate': '2023 Oct 10', 'DOI': '10.3390/molecules28207007', 'Volume': '28', 'Issue': '20', 'Pages': '', 'URL': '37894485: https://pubmed.ncbi.nlm.nih.gov/37894485'}, '37882606': {'Title': 'Canonical Wnt pathway and the LDL receptor superfamily in neuronal cholesterol homeostasis and function.', 'Authors': 'Borrell-Pages M, Luquero A, Vilahur G, Padró T, Badimon L', 'Source': 'Cardiovasc Res', 'PubDate': '2024 Mar 13', 'DOI': '10.1093/cvr/cvad159', 'Volume': '120', 'Issue': '2', 'Pages': '140-151', 'URL': '37882606: https://pubmed.ncbi.nlm.nih.gov/37882606'}}"
"[13950, 9, 1684]",[0.9820420742034912],C2348241,alcaftadine,TREATS,C0014547,"Epilepsies, Partial",,,
"[2147, 9, 14094]",[0.9672706127166748],C0018513,halcinonide,TREATS,C2711256,Ischemic priapism,,,
"[5662, 9, 6890]",[0.944145679473877],C0065228,lucifer yellow,TREATS,C0157749,Arthropathy associated with infection,,,
"[13354, 9, 9220]",[0.8810657262802124],C1572489,magnesium sulfate anhydrous,TREATS,C0392445,Necrobiosis Lipoidica Diabeticorum,,,
"[6387, 9, 4180]",[0.8753910064697266],C0086123,Deoxycholate,TREATS,C0035460,"Rhinitis, Vasomotor",,,
"[14307, 9, 8342]",[0.870320200920105],C2973895,lixisenatide,TREATS,C0276688,Pulmonary cryptococcosis,,,
"[5581, 9, 448]",[0.7833068370819092],C0062515,heparin-sepharose,TREATS,C0003872,"Arthritis, Psoriatic",,,
"[14555, 9, 463]",[0.7258443832397461],C3536880,nicotinic acid,TREATS,C0004030,Aspergillosis,"['29370392', '8565941']","['29370392: https://pubmed.ncbi.nlm.nih.gov/29370392', '8565941: https://pubmed.ncbi.nlm.nih.gov/8565941']","{'29370392': {'Title': 'Subacute Invasive Aspergillosis Associated With Sorafenib Therapy for Hepatocellular Carcinoma.', 'Authors': 'Bazaz R, Denning DW', 'Source': 'Clin Infect Dis', 'PubDate': '2018 Jun 18', 'DOI': '10.1093/cid/ciy038', 'Volume': '67', 'Issue': '1', 'Pages': '156-157', 'URL': '29370392: https://pubmed.ncbi.nlm.nih.gov/29370392'}, '8565941': {'Title': 'Corneal stromal abscesses in the horse: a review of 24 cases.', 'Authors': 'Hendrix DV, Brooks DE, Smith PJ, Gelatt KN, Miller TR, Whittaker C, Pellicane C, Chmielewski N', 'Source': 'Equine Vet J', 'PubDate': '1995 Nov', 'DOI': '10.1111/j.2042-3306.1995.tb04425.x', 'Volume': '27', 'Issue': '6', 'Pages': '440-7', 'URL': '8565941: https://pubmed.ncbi.nlm.nih.gov/8565941'}}"
"[2789, 9, 13923]",[0.597732424736023],C0023726,Lincomycin,TREATS,C2267227,Bulimia Nervosa,,,
"[6593, 9, 2369]",[0.5805825591087341],C0126789,magnesium salicylate,TREATS,C0020459,Hyperinsulinism,,,
"[7744, 9, 10864]",[0.5664911866188049],C0211011,ziconotide,TREATS,C0729586,Infective otitis media,,,
"[11706, 9, 1556]",[0.5500221252441406],C0913246,valdecoxib,TREATS,C0013370,Amebic colitis,,,
"[14150, 9, 1364]",[0.45235633850097656],C2743630,benzylpenicillin,TREATS,C0011633,Dermatomyositis,"['28224486', '14994998', '1395222', '2383066', '6592972', '6859880', '6803913', '162143', '20835', '4369712']","['28224486: https://pubmed.ncbi.nlm.nih.gov/28224486', '14994998: https://pubmed.ncbi.nlm.nih.gov/14994998', '1395222: https://pubmed.ncbi.nlm.nih.gov/1395222', '2383066: https://pubmed.ncbi.nlm.nih.gov/2383066', '6592972: https://pubmed.ncbi.nlm.nih.gov/6592972', '6859880: https://pubmed.ncbi.nlm.nih.gov/6859880', '6803913: https://pubmed.ncbi.nlm.nih.gov/6803913', '162143: https://pubmed.ncbi.nlm.nih.gov/162143', '20835: https://pubmed.ncbi.nlm.nih.gov/20835', '4369712: https://pubmed.ncbi.nlm.nih.gov/4369712']","{'28224486': {'Title': 'Human herpes virus-6 encephalitis causing severe anterograde amnesia associated with rituximab, azathioprine and prednisolone combination therapy for dermatomyositis.', 'Authors': 'Baumer T, Fry C, Luppe S, Gunawardena H, Sieradzan K', 'Source': 'J Neurovirol', 'PubDate': '2017 Jun', 'DOI': '10.1007/s13365-017-0517-0', 'Volume': '23', 'Issue': '3', 'Pages': '508-510', 'URL': '28224486: https://pubmed.ncbi.nlm.nih.gov/28224486'}, '14994998': {'Title': 'Vascular and connective tissue diseases in the paediatric world.', 'Authors': 'Falcini F', 'Source': 'Lupus', 'PubDate': '2004', 'DOI': '10.1191/0961203304lu517rr', 'Volume': '13', 'Issue': '2', 'Pages': '77-84', 'URL': '14994998: https://pubmed.ncbi.nlm.nih.gov/14994998'}, '1395222': {'Title': 'Molecular detection of persistent Borrelia burgdorferi in a man with dermatomyositis.', 'Authors': 'Fraser DD, Kong LI, Miller FW', 'Source': 'Clin Exp Rheumatol', 'PubDate': '1992 Jul-Aug', 'DOI': 'No DOI available', 'Volume': '10', 'Issue': '4', 'Pages': '387-90', 'URL': '1395222: https://pubmed.ncbi.nlm.nih.gov/1395222'}, '2383066': {'Title': 'Dermatomyositis following chronic staphylococcal joint sepsis.', 'Authors': 'Lane S, Doherty M, Powell RJ', 'Source': 'Ann Rheum Dis', 'PubDate': '1990 Jun', 'DOI': '10.1136/ard.49.6.405', 'Volume': '49', 'Issue': '6', 'Pages': '405-6', 'URL': '2383066: https://pubmed.ncbi.nlm.nih.gov/2383066'}, '6592972': {'Title': 'Penicillamine-induced myositis. Observations and unique features in two patients and review of the literature.', 'Authors': 'Halla JT, Fallahi S, Koopman WJ', 'Source': 'Am J Med', 'PubDate': '1984 Oct', 'DOI': '10.1016/0002-9343(84)90371-1', 'Volume': '77', 'Issue': '4', 'Pages': '719-22', 'URL': '6592972: https://pubmed.ncbi.nlm.nih.gov/6592972'}, '6859880': {'Title': 'Toxic reaction to methotrexate in a patient receiving penicillin and furosemide: a possible interaction.', 'Authors': 'Nierenberg DW, Mamelok RD', 'Source': 'Arch Dermatol', 'PubDate': '1983 Jun', 'DOI': '10.1001/archderm.119.6.449', 'Volume': '119', 'Issue': '6', 'Pages': '449-50', 'URL': '6859880: https://pubmed.ncbi.nlm.nih.gov/6859880'}, '6803913': {'Title': 'Haemophilus influenza type b resistant to both chloramphenicol and ampicillin in Britain.', 'Authors': 'Macmahon P, Sills J, Hall E, Fitzgerald T', 'Source': 'Br Med J (Clin Res Ed)', 'PubDate': '1982 Apr 24', 'DOI': '10.1136/bmj.284.6324.1229', 'Volume': '284', 'Issue': '6324', 'Pages': '1229', 'URL': '6803913: https://pubmed.ncbi.nlm.nih.gov/6803913'}, '162143': {'Title': ""[Positive side-effects of antibiotic and antimicrobial drugs in therapy (author's transl)]."", 'Authors': 'Illig L', 'Source': 'Infection', 'PubDate': '1979', 'DOI': '10.1007/BF01659741', 'Volume': '7 Suppl 6', 'Issue': '', 'Pages': '584-8', 'URL': '162143: https://pubmed.ncbi.nlm.nih.gov/162143'}, '20835': {'Title': '[Side effects of antibiotics in rheumatic diseases].', 'Authors': 'Matveĭkov GP, Pshonik SS, Poliakova TI, Aronin TsS', 'Source': 'Antibiotiki', 'PubDate': '1977 Sep', 'DOI': 'No DOI available', 'Volume': '22', 'Issue': '9', 'Pages': '813-6', 'URL': '20835: https://pubmed.ncbi.nlm.nih.gov/20835'}, '4369712': {'Title': 'A case of atrial myxoma.', 'Authors': 'McWhirter WR, Tetteh-Lartey EV', 'Source': 'Br Heart J', 'PubDate': '1974 Aug', 'DOI': '10.1136/hrt.36.8.839', 'Volume': '36', 'Issue': '8', 'Pages': '839-40', 'URL': '4369712: https://pubmed.ncbi.nlm.nih.gov/4369712'}}"
"[3915, 9, 13923]",[0.4381040334701538],C0033447,propantheline,TREATS,C2267227,Bulimia Nervosa,,,
"[5360, 9, 1994]",[0.3792042136192322],C0055900,clocortolone pivalate,TREATS,C0017160,Gastroenteritis,,,
"[3506, 9, 6952]",[0.3456927537918091],C0030077,oxypertine,TREATS,C0162627,"Skin Diseases, Bacterial",,,
"[15470, 9, 2679]",[0.32703036069869995],C5139934,tirzepatide,TREATS,C0022729,Klebsiella Infections,,,
"[4502, 9, 10552]",[0.3087334632873535],C0038665,Sulbactam,TREATS,C0686510,Carcinoma in situ of adrenal cortex,,,
"[5211, 9, 8288]",[0.2958567142486572],C0052759,azatadine,TREATS,C0271152,Malignant glaucoma,,,
"[347, 9, 6860]",[0.24828577041625977],C0003211,"Anti-Inflammatory Agents, Non-Steroidal",TREATS,C0154301,Acquired thrombocytopenia,"['31228952', '28403751', '24662111', '19132161', '16304411', '12471786', '10027100']","['31228952: https://pubmed.ncbi.nlm.nih.gov/31228952', '28403751: https://pubmed.ncbi.nlm.nih.gov/28403751', '24662111: https://pubmed.ncbi.nlm.nih.gov/24662111', '19132161: https://pubmed.ncbi.nlm.nih.gov/19132161', '16304411: https://pubmed.ncbi.nlm.nih.gov/16304411', '12471786: https://pubmed.ncbi.nlm.nih.gov/12471786', '10027100: https://pubmed.ncbi.nlm.nih.gov/10027100']","{'31228952': {'Title': 'Diclofenac-induced thrombotic thrombocytopenic purpura with concomitant complement dysregulation: a case report and review of the literature.', 'Authors': 'Lara JP, Santana Y, Gaddam M, Ali A, Malik S, Khaja M', 'Source': 'J Med Case Rep', 'PubDate': '2019 Jun 23', 'DOI': '10.1186/s13256-019-2097-5', 'Volume': '13', 'Issue': '1', 'Pages': '190', 'URL': '31228952: https://pubmed.ncbi.nlm.nih.gov/31228952'}, '28403751': {'Title': 'Management of dengue in Australian travellers: a retrospective multicentre analysis.', 'Authors': 'Tai AY, McGuinness SL, Robosa R, Turner D, Huang GK, Leder K, Korman TM, Thevarajan I, Stewardson AJ, Padiglione AA, Johnson DF', 'Source': 'Med J Aust', 'PubDate': '2017 Apr 17', 'DOI': '10.5694/mja16.01056', 'Volume': '206', 'Issue': '7', 'Pages': '295-300', 'URL': '28403751: https://pubmed.ncbi.nlm.nih.gov/28403751'}, '24662111': {'Title': 'Drug-induced thrombocytopenia in the critically ill: a case-control study.', 'Authors': 'Williamson DR, Lesur O, Tétrault JP, Pilon D', 'Source': 'Ann Pharmacother', 'PubDate': '2014 Jun', 'DOI': '10.1177/1060028013519065', 'Volume': '48', 'Issue': '6', 'Pages': '697-704', 'URL': '24662111: https://pubmed.ncbi.nlm.nih.gov/24662111'}, '19132161': {'Title': '[Acquired platelet function disorders: pathogenesis, classification, frequency, diagnosis, clinical management].', 'Authors': 'Scharf RE', 'Source': 'Hamostaseologie', 'PubDate': '2008 Dec', 'DOI': 'No DOI available', 'Volume': '28', 'Issue': '5', 'Pages': '299-311', 'URL': '19132161: https://pubmed.ncbi.nlm.nih.gov/19132161'}, '16304411': {'Title': 'Acquired disorders of platelet function.', 'Authors': 'Hassan AA, Kroll MH', 'Source': 'Hematology Am Soc Hematol Educ Program', 'PubDate': '2005', 'DOI': '10.1182/asheducation-2005.1.403', 'Volume': '', 'Issue': '', 'Pages': '403-8', 'URL': '16304411: https://pubmed.ncbi.nlm.nih.gov/16304411'}, '12471786': {'Title': '[Effects of plasma substitutes on hemostasis].', 'Authors': 'Blanloeil Y, Trossaërt M, Rigal JC, Rozec B', 'Source': 'Ann Fr Anesth Reanim', 'PubDate': '2002 Oct', 'DOI': '10.1016/s0750-7658(02)00695-0', 'Volume': '21', 'Issue': '8', 'Pages': '648-67', 'URL': '12471786: https://pubmed.ncbi.nlm.nih.gov/12471786'}, '10027100': {'Title': 'Thrombotic microangiopathies and HIV infection: report of two typical cases, features of HUS and TTP, and review of the literature.', 'Authors': 'Sutor GC, Schmidt RE, Albrecht H', 'Source': 'Infection', 'PubDate': '1999 Jan-Feb', 'DOI': '10.1007/BF02565164', 'Volume': '27', 'Issue': '1', 'Pages': '12-5', 'URL': '10027100: https://pubmed.ncbi.nlm.nih.gov/10027100'}}"
"[5693, 9, 3990]",[0.226479172706604],C0065841,meclocycline,TREATS,C0034050,Pulmonary Alveolar Proteinosis,,,
"[798, 9, 11608]",[0.21260720491409302],C0007047,carboprost,TREATS,C0878773,Overactive Bladder,,,
"[185, 9, 8295]",[0.21023833751678467],C0002164,almitrine,TREATS,C0271623,Hypogonadotropic hypogonadism,,,
"[3601, 9, 3584]",[0.18596547842025757],C0030830,procaine benzylpenicillin,TREATS,C0030759,Infestation by Phthirus pubis,,,
"[14483, 9, 4945]",[0.16875135898590088],C3484509,"alcohol, x-ray exposed (1000 rad)",TREATS,C0042164,Uveitis,,,
"[579, 9, 8316]",[0.15898460149765015],C0005308,Betamethasone,TREATS,C0275555,Acute bacterial epiglottitis,,,
"[15116, 9, 5092]",[0.08120560646057129],C4519317,vaborbactam,TREATS,C0043515,Zollinger-Ellison syndrome,,,
"[15225, 9, 3533]",[0.0659685730934143],C4550350,ravulizumab,TREATS,C0030305,Pancreatitis,"['35491214', '33717763', '33680585']","['35491214: https://pubmed.ncbi.nlm.nih.gov/35491214', '33717763: https://pubmed.ncbi.nlm.nih.gov/33717763', '33680585: https://pubmed.ncbi.nlm.nih.gov/33680585']","{'35491214': {'Title': '[Perioperative management of laparoscopic cholecystectomy in a patient with paroxysmal nocturnal haemoglobinuria undergoing ravulizumab treatment].', 'Authors': 'Kimura M, Nishiyama Y, Ueda H, Kitajo A, Arimatsu T, Kuboki M, Takahata A, Saito M, Sakashita C, Okada K, Umezawa Y, Nagao T, Yamamoto M, Tohda S, Tanabe M, Mori T, Nogami A', 'Source': 'Rinsho Ketsueki', 'PubDate': '2022', 'DOI': '10.11406/rinketsu.63.260', 'Volume': '63', 'Issue': '4', 'Pages': '260-264', 'URL': '35491214: https://pubmed.ncbi.nlm.nih.gov/35491214'}, '33717763': {'Title': 'Atypical Hemolytic Uremic Syndrome: Cancer-Induced or Chemotherapy-Induced?', 'Authors': 'Sethi A, Moses R', 'Source': 'Cureus', 'PubDate': '2021 Feb 10', 'DOI': '10.7759/cureus.13260', 'Volume': '13', 'Issue': '2', 'Pages': 'e13260', 'URL': '33717763: https://pubmed.ncbi.nlm.nih.gov/33717763'}, '33680585': {'Title': 'A Case of Gemcitabine-Induced Thrombotic Microangiopathy Treated With Ravulizumab in a Patient With Stage IV Pancreatic Cancer.', 'Authors': 'MacDougall KN, Schwartz B, Harewood J, Bukhari Z, Neculiseanu E', 'Source': 'Cureus', 'PubDate': '2021 Jan 31', 'DOI': '10.7759/cureus.13031', 'Volume': '13', 'Issue': '1', 'Pages': 'e13031', 'URL': '33680585: https://pubmed.ncbi.nlm.nih.gov/33680585'}}"
"[3854, 9, 3647]",[0.04160863161087036],C0032950,prednisolone,TREATS,C0031157,Peritonsillar Abscess,"['28473273', '20403229', '17124937', '16910396', '15285862', '8114457']","['28473273: https://pubmed.ncbi.nlm.nih.gov/28473273', '20403229: https://pubmed.ncbi.nlm.nih.gov/20403229', '17124937: https://pubmed.ncbi.nlm.nih.gov/17124937', '16910396: https://pubmed.ncbi.nlm.nih.gov/16910396', '15285862: https://pubmed.ncbi.nlm.nih.gov/15285862', '8114457: https://pubmed.ncbi.nlm.nih.gov/8114457']","{'28473273': {'Title': 'Is corticosteroid a treatment choice for the management of peritonsillar abscess?', 'Authors': 'Koçak HE, Acıpayam H, Elbistanlı MS, Yiğider AP, Alakhras WME, Kıral MN, Kayhan FT', 'Source': 'Auris Nasus Larynx', 'PubDate': '2018 Apr', 'DOI': '10.1016/j.anl.2017.04.008', 'Volume': '45', 'Issue': '2', 'Pages': '291-294', 'URL': '28473273: https://pubmed.ncbi.nlm.nih.gov/28473273'}, '20403229': {'Title': 'Immediate tonsillectomy: indications for use as first-line surgical management of peritonsillar abscess (quinsy) and parapharyngeal abscess.', 'Authors': 'Page C, Chassery G, Boute P, Obongo R, Strunski V', 'Source': 'J Laryngol Otol', 'PubDate': '2010 Oct', 'DOI': '10.1017/S0022215110000903', 'Volume': '124', 'Issue': '10', 'Pages': '1085-90', 'URL': '20403229: https://pubmed.ncbi.nlm.nih.gov/20403229'}, '17124937': {'Title': 'An outpatient medical treatment protocol for peritonsillar abscess.', 'Authors': 'Lamkin RH, Portt J', 'Source': 'Ear Nose Throat J', 'PubDate': '2006 Oct', 'DOI': 'No DOI available', 'Volume': '85', 'Issue': '10', 'Pages': '658, 660', 'URL': '17124937: https://pubmed.ncbi.nlm.nih.gov/17124937'}, '16910396': {'Title': '[Peritonsillar infection. Out-patient management].', 'Authors': 'Palomar Asenjo V, Borràs Perera M, Ruiz Giner A, Palomar García V', 'Source': 'An Otorrinolaringol Ibero Am', 'PubDate': '2006', 'DOI': 'No DOI available', 'Volume': '33', 'Issue': '4', 'Pages': '399-407', 'URL': '16910396: https://pubmed.ncbi.nlm.nih.gov/16910396'}, '15285862': {'Title': 'Use of steroids in the treatment of peritonsillar abscess.', 'Authors': 'Ozbek C, Aygenc E, Tuna EU, Selcuk A, Ozdem C', 'Source': 'J Laryngol Otol', 'PubDate': '2004 Jun', 'DOI': '10.1258/002221504323219563', 'Volume': '118', 'Issue': '6', 'Pages': '439-42', 'URL': '15285862: https://pubmed.ncbi.nlm.nih.gov/15285862'}, '8114457': {'Title': '[Croup syndrome].', 'Authors': 'Lindemann H', 'Source': 'Kinderarztl Prax', 'PubDate': '1993 Nov', 'DOI': 'No DOI available', 'Volume': '61', 'Issue': '9', 'Pages': '309-15', 'URL': '8114457: https://pubmed.ncbi.nlm.nih.gov/8114457'}}"
"[1969, 9, 8901]",[0.0364111065864563],C0016875,Fusidic Acid,TREATS,C0339901,Acute respiratory infections,"['15530310', '3748717', '766793']","['15530310: https://pubmed.ncbi.nlm.nih.gov/15530310', '3748717: https://pubmed.ncbi.nlm.nih.gov/3748717', '766793: https://pubmed.ncbi.nlm.nih.gov/766793']","{'15530310': {'Title': 'Facial cellulitis associated with Pseudomonas aeruginosa complicating ophthalmic herpes zoster.', 'Authors': 'Atzori L, Ferreli C, Zucca M, Fanni D, Aste N', 'Source': 'Dermatol Online J', 'PubDate': '2004 Oct 15', 'DOI': 'No DOI available', 'Volume': '10', 'Issue': '2', 'Pages': '20', 'URL': '15530310: https://pubmed.ncbi.nlm.nih.gov/15530310'}, '3748717': {'Title': '[Fucidin in the surgical treatment of acute suppurative destruction of the lungs in children].', 'Authors': 'Matveeva ES, Levin AB, Gagaeva EV, Firsov AA', 'Source': 'Pediatriia', 'PubDate': '1986 Jun', 'DOI': 'No DOI available', 'Volume': '', 'Issue': '6', 'Pages': '55-7', 'URL': '3748717: https://pubmed.ncbi.nlm.nih.gov/3748717'}, '766793': {'Title': 'Antibiotics in the peri-operative period.', 'Authors': 'Darrell JH, Uttley AH', 'Source': 'Br J Anaesth', 'PubDate': '1976 Jan', 'DOI': '10.1093/bja/48.1.13', 'Volume': '48', 'Issue': '1', 'Pages': '13-9', 'URL': '766793: https://pubmed.ncbi.nlm.nih.gov/766793'}}"
"[12254, 9, 1799]",[0.01889282464981079],C1166065,"betaine, anhydrous",TREATS,C0015456,Facial Dermatoses,,,
"[13576, 9, 476]",[0.011157900094985962],C1832049,elotuzumab,TREATS,C0004153,Atherosclerosis,,,
"[1751, 9, 4471]",[-0.025131046772003174],C0014987,ethchlorvynol,TREATS,C0038395,Streptococcal Infections,,,
"[14362, 9, 10033]",[-0.09309151768684387],C3160091,Hepatitis C Virus NS3/4A Protease Inhibitor [EPC],TREATS,C0563269,Acute infective exacerbation of chronic obstructive airways disease,,,
"[321, 9, 7969]",[-0.11206415295600891],C0003015,Angiotensin-Converting Enzyme Inhibitors,TREATS,C0239981,Hypoalbuminemia,"['37815154', '37646924', '37453935', '34925975', '28977667', '28690311', '25884528', '24824389', '24266319', '24094140']","['37815154: https://pubmed.ncbi.nlm.nih.gov/37815154', '37646924: https://pubmed.ncbi.nlm.nih.gov/37646924', '37453935: https://pubmed.ncbi.nlm.nih.gov/37453935', '34925975: https://pubmed.ncbi.nlm.nih.gov/34925975', '28977667: https://pubmed.ncbi.nlm.nih.gov/28977667', '28690311: https://pubmed.ncbi.nlm.nih.gov/28690311', '25884528: https://pubmed.ncbi.nlm.nih.gov/25884528', '24824389: https://pubmed.ncbi.nlm.nih.gov/24824389', '24266319: https://pubmed.ncbi.nlm.nih.gov/24266319', '24094140: https://pubmed.ncbi.nlm.nih.gov/24094140']","{'37815154': {'Title': 'Response and survival of dogs with proteinuria (UPC\u2009>\u20092.0) treated with angiotensin converting enzyme inhibitors.', 'Authors': 'Fulton EA, McBrearty AR, Shaw DJ, Ridyard AE', 'Source': 'J Vet Intern Med', 'PubDate': '2023 Nov-Dec', 'DOI': '10.1111/jvim.16864', 'Volume': '37', 'Issue': '6', 'Pages': '2188-2199', 'URL': '37815154: https://pubmed.ncbi.nlm.nih.gov/37815154'}, '37646924': {'Title': 'A comprehensive analysis of intraoperative factors associated with acute-on-chronic kidney injury in elderly trauma patients: blood loss as a key predictor.', 'Authors': 'Lisitano L, Röttinger T, Thorne T, Förch S, Cifuentes J, Rau K, Vounatsos PD, Mayr E', 'Source': 'Aging Clin Exp Res', 'PubDate': '2023 Nov', 'DOI': '10.1007/s40520-023-02540-6', 'Volume': '35', 'Issue': '11', 'Pages': '2729-2737', 'URL': '37646924: https://pubmed.ncbi.nlm.nih.gov/37646924'}, '37453935': {'Title': 'Chapter 3: Management of kidney injury caused by cancer drug therapy, from clinical practice guidelines for the management of kidney injury during anticancer drug therapy 2022.', 'Authors': 'Ando Y, Nishiyama H, Shimodaira H, Takano N, Sakaida E, Matsumoto K, Nakanishi K, Sakai H, Tsukamoto S, Komine K, Yasuda Y, Kato T, Fujiwara Y, Koyama T, Kitamura H, Kuwabara T, Yonezawa A, Okumura Y, Yakushijin K, Nozawa K, Goto H, Matsubara T, Hoshino J, Yanagita M, Committee of Clinical Practice Guidelines for the Management of Kidney Disease During Anticancer Drug Therapy 2022', 'Source': 'Int J Clin Oncol', 'PubDate': '2023 Oct', 'DOI': '10.1007/s10147-023-02382-2', 'Volume': '28', 'Issue': '10', 'Pages': '1315-1332', 'URL': '37453935: https://pubmed.ncbi.nlm.nih.gov/37453935'}, '34925975': {'Title': 'Management of Steroid-Resistant Nephrotic Syndrome in Children.', 'Authors': 'Sachdeva S, Khan S, Davalos C, Avanthika C, Jhaveri S, Babu A, Patterson D, Yamani AJ', 'Source': 'Cureus', 'PubDate': '2021 Nov', 'DOI': '10.7759/cureus.19363', 'Volume': '13', 'Issue': '11', 'Pages': 'e19363', 'URL': '34925975: https://pubmed.ncbi.nlm.nih.gov/34925975'}, '28977667': {'Title': 'Successful Use of Entecavir in Hepatitis B-associated Membranous Nephropathy.', 'Authors': ""Mahajan V, D'Cruz S, Nada R, Sachdev A"", 'Source': 'J Trop Pediatr', 'PubDate': '2018 Jun 1', 'DOI': '10.1093/tropej/fmx058', 'Volume': '64', 'Issue': '3', 'Pages': '249-252', 'URL': '28977667: https://pubmed.ncbi.nlm.nih.gov/28977667'}, '28690311': {'Title': 'Predictors of Long-Term Mortality and Frequent Re-Hospitalization in Patients with Acute Decompensated Heart Failure and Kidney Dysfunction Treated with Renin-Angiotensin System Blockers.', 'Authors': 'Baydemir C, Ural D, Karaüzüm K, Balci S, Argan O, Karaüzüm I, Kozdağ G, Ağır AA', 'Source': 'Med Sci Monit', 'PubDate': '2017 Jul 10', 'DOI': '10.12659/msm.902786', 'Volume': '23', 'Issue': '', 'Pages': '3335-3344', 'URL': '28690311: https://pubmed.ncbi.nlm.nih.gov/28690311'}, '25884528': {'Title': 'Overview of current and alternative therapies for idiopathic membranous nephropathy.', 'Authors': 'Tran TH, J Hughes G, Greenfeld C, Pham JT', 'Source': 'Pharmacotherapy', 'PubDate': '2015 Apr', 'DOI': '10.1002/phar.1575', 'Volume': '35', 'Issue': '4', 'Pages': '396-411', 'URL': '25884528: https://pubmed.ncbi.nlm.nih.gov/25884528'}, '24824389': {'Title': '[Multicenter survey of diagnostic and therapeutic status in Chinese childhood patients with steroid-sensitive, relaping/steroid-dependent nephrotic syndrome].', 'Authors': 'Working Group For National Survey On Status Of Diagnosis And Treatment Of Childhood Renal Diseases', 'Source': 'Zhonghua Er Ke Za Zhi', 'PubDate': '2014 Mar', 'DOI': 'No DOI available', 'Volume': '52', 'Issue': '3', 'Pages': '194-200', 'URL': '24824389: https://pubmed.ncbi.nlm.nih.gov/24824389'}, '24266319': {'Title': 'Rapidly vanishing lung pseudotumor in a patient with acute bilateral bronchopneumonia.', 'Authors': 'Lazović B, Stajić Z, Putniković B', 'Source': 'Vojnosanit Pregl', 'PubDate': '2013 Sep', 'DOI': '10.2298/vsp1309878l', 'Volume': '70', 'Issue': '9', 'Pages': '878-80', 'URL': '24266319: https://pubmed.ncbi.nlm.nih.gov/24266319'}, '24094140': {'Title': 'Involvement of heparan sulfate in the renoprotective effects of imidapril, an angiotensin-converting enzyme inhibitor, in diabetic db/db mice.', 'Authors': 'Yoneda H, Ueta K, Nagasaki M, Arakawa K', 'Source': 'J Recept Signal Transduct Res', 'PubDate': '2014 Feb', 'DOI': '10.3109/10799893.2013.845788', 'Volume': '34', 'Issue': '1', 'Pages': '21-5', 'URL': '24094140: https://pubmed.ncbi.nlm.nih.gov/24094140'}}"
"[13920, 9, 10108]",[-0.16144773364067078],C2267040,Human Immunodeficiency Virus 1 Fusion Inhibitor [EPC],TREATS,C0588233,Septicemia due to enterococcus,,,
"[14774, 9, 12540]",[-0.19198283553123474],C3883358,Hepatitis C Virus Non-Nucleoside NS5B Palm Polymerase Inhibitor,TREATS,C1301422,Diphtheria due to Corynebacterium diphtheriae,,,
"[5301, 9, 2391]",[-0.2455252707004547],C0054667,carindacillin,TREATS,C0020550,Hyperthyroidism,,,
"[3564, 9, 1144]",[-0.2498563677072525],C0030576,paromomycin,TREATS,C0009492,Compartment syndromes,,,
"[4997, 9, 12567]",[-0.25686272978782654],C0042646,vidarabine,TREATS,C1306632,Primary malignant neoplasm of gastrointestinal tract,['23132594'],['23132594: https://pubmed.ncbi.nlm.nih.gov/23132594'],"{'23132594': {'Title': 'Fludarabine and cytarabine in patients with relapsed acute myeloid leukemia refractory to initial salvage therapy.', 'Authors': 'McLaughlin B, Im A, Raptis A, Agha M, Hou JZ, Redner R, Duggal S, Lin Y, Smith C, Boyiadzis M', 'Source': 'Int J Hematol', 'PubDate': '2012 Dec', 'DOI': '10.1007/s12185-012-1192-9', 'Volume': '96', 'Issue': '6', 'Pages': '743-7', 'URL': '23132594: https://pubmed.ncbi.nlm.nih.gov/23132594'}}"
"[3245, 9, 3553]",[-0.30885159969329834],C0027410,Narcotic Antagonists,TREATS,C0030499,Parasitic Diseases,"['33211271', '30788648', '30725515', '29729492', '28036391', '27495167', '26773164', '26099536', '24119070', '22019408']","['33211271: https://pubmed.ncbi.nlm.nih.gov/33211271', '30788648: https://pubmed.ncbi.nlm.nih.gov/30788648', '30725515: https://pubmed.ncbi.nlm.nih.gov/30725515', '29729492: https://pubmed.ncbi.nlm.nih.gov/29729492', '28036391: https://pubmed.ncbi.nlm.nih.gov/28036391', '27495167: https://pubmed.ncbi.nlm.nih.gov/27495167', '26773164: https://pubmed.ncbi.nlm.nih.gov/26773164', '26099536: https://pubmed.ncbi.nlm.nih.gov/26099536', '24119070: https://pubmed.ncbi.nlm.nih.gov/24119070', '22019408: https://pubmed.ncbi.nlm.nih.gov/22019408']","{'33211271': {'Title': 'Naloxone Diminishes the Virulence and Modifies the Cellular Immune Responses of BALB/c Mice Infected with Leishmania major.', 'Authors': 'Alimohammadian MH, Riazi-Rad F, Asadi-Tat M, Darabi S, Darabi H, Khaze V, Bahrami F, Ajdary S', 'Source': 'Acta Parasitol', 'PubDate': '2021 Jun', 'DOI': '10.1007/s11686-020-00308-w', 'Volume': '66', 'Issue': '2', 'Pages': '517-523', 'URL': '33211271: https://pubmed.ncbi.nlm.nih.gov/33211271'}, '30788648': {'Title': 'A Survey on the Adjuvant Role of Naloxone Alone or Combined with Alum in Vaccination Against Fasciolosis in BALB/c Mice.', 'Authors': 'Azizi H, Mirzaeei H, Bagheri A, Bazi A, Khamesipour A, Yaghoobi H, Mirzapour A, Khatami M, Elikaee S', 'Source': 'Acta Parasitol', 'PubDate': '2019 Jun', 'DOI': '10.2478/s11686-019-00030-2', 'Volume': '64', 'Issue': '2', 'Pages': '236-245', 'URL': '30788648: https://pubmed.ncbi.nlm.nih.gov/30788648'}, '30725515': {'Title': 'Hospitalization of children after prenatal exposure to opioid maintenance therapy during pregnancy: a national registry study from the Czech Republic.', 'Authors': 'Skurtveit S, Nechanská B, Handal M, Mahic M, Mravčík V, Gabrhelík R', 'Source': 'Addiction', 'PubDate': '2019 Jul', 'DOI': '10.1111/add.14576', 'Volume': '114', 'Issue': '7', 'Pages': '1225-1235', 'URL': '30725515: https://pubmed.ncbi.nlm.nih.gov/30725515'}, '29729492': {'Title': 'Naltrexone; as an efficient adjuvant in induction of Th1 immunity and protection against Fasciola hepatica infection.', 'Authors': 'Azizi H, Mirzaeei H, Nasiri AA, Bazi A, Mirzapour A, Khatami M, Nahavandi KH, Azimi A, Yaghoobi H', 'Source': 'Exp Parasitol', 'PubDate': '2018 Jun', 'DOI': '10.1016/j.exppara.2018.04.015', 'Volume': '189', 'Issue': '', 'Pages': '66-71', 'URL': '29729492: https://pubmed.ncbi.nlm.nih.gov/29729492'}, '28036391': {'Title': 'Naloxonazine, an Amastigote-Specific Compound, Affects Leishmania Parasites through Modulation of Host-Encoded Functions.', 'Authors': 'De Muylder G, Vanhollebeke B, Caljon G, Wolfe AR, McKerrow J, Dujardin JC', 'Source': 'PLoS Negl Trop Dis', 'PubDate': '2016 Dec', 'DOI': '10.1371/journal.pntd.0005234', 'Volume': '10', 'Issue': '12', 'Pages': 'e0005234', 'URL': '28036391: https://pubmed.ncbi.nlm.nih.gov/28036391'}, '27495167': {'Title': 'Evaluation of the vaginal flora in pregnant women receiving opioid maintenance therapy: a matched case-control study.', 'Authors': 'Farr A, Kiss H, Hagmann M, Holzer I, Kueronya V, Husslein PW, Petricevic L', 'Source': 'BMC Pregnancy Childbirth', 'PubDate': '2016 Aug 5', 'DOI': '10.1186/s12884-016-1003-z', 'Volume': '16', 'Issue': '1', 'Pages': '206', 'URL': '27495167: https://pubmed.ncbi.nlm.nih.gov/27495167'}, '26773164': {'Title': 'Mixture of Alum--Naloxone and Alum--Naltrexone as a novel adjuvant elicits immune responses for Toxoplasma gondii lysate antigen in BALB /c mice.', 'Authors': 'Khorshidvand Z, Shahabi S, Mohamadzade H, Daryani A, Hazrati Tappeh K', 'Source': 'Exp Parasitol', 'PubDate': '2016 Mar', 'DOI': '10.1016/j.exppara.2016.01.001', 'Volume': '162', 'Issue': '', 'Pages': '28-34', 'URL': '26773164: https://pubmed.ncbi.nlm.nih.gov/26773164'}, '26099536': {'Title': 'Investigation of 7-benzylidenenaltrexone derivatives as a novel structural antitrichomonal lead compound.', 'Authors': 'Kutsumura N, Nakajima R, Koyama Y, Miyata Y, Saitoh T, Yamamoto N, Iwata S, Fujii H, Nagase H', 'Source': 'Bioorg Med Chem Lett', 'PubDate': '2015 Nov 1', 'DOI': '10.1016/j.bmcl.2015.06.002', 'Volume': '25', 'Issue': '21', 'Pages': '4890-4892', 'URL': '26099536: https://pubmed.ncbi.nlm.nih.gov/26099536'}, '24119070': {'Title': 'An anesthetic protocol for adult heartworms removal in two cases of canine caval syndrome.', 'Authors': 'Chiavaccini L, Claude AK, Meyer RE', 'Source': 'Vet Anaesth Analg', 'PubDate': '2014 Jan', 'DOI': '10.1111/vaa.12092', 'Volume': '41', 'Issue': '1', 'Pages': '105-6', 'URL': '24119070: https://pubmed.ncbi.nlm.nih.gov/24119070'}, '22019408': {'Title': 'The opioid antagonist naloxone inhibits Leishmania major infection in BALB/c mice.', 'Authors': 'Karaji AG, Hamzavi Y', 'Source': 'Exp Parasitol', 'PubDate': '2012 Jan', 'DOI': '10.1016/j.exppara.2011.09.006', 'Volume': '130', 'Issue': '1', 'Pages': '73-7', 'URL': '22019408: https://pubmed.ncbi.nlm.nih.gov/22019408'}}"
"[3921, 9, 4264]",[-0.3666873574256897],C0033488,propolis,TREATS,C0036508,Seborrheic dermatitis,['31831216'],['31831216: https://pubmed.ncbi.nlm.nih.gov/31831216'],"{'31831216': {'Title': '[Sebotropic drug eruption after ingestion of bee pollen].', 'Authors': 'Vermersch C, Kerdraon R, Armingaud P, Bois J, Bens G, Finon A', 'Source': 'Ann Dermatol Venereol', 'PubDate': '2020 Feb', 'DOI': '10.1016/j.annder.2019.09.605', 'Volume': '147', 'Issue': '2', 'Pages': '135-139', 'URL': '31831216: https://pubmed.ncbi.nlm.nih.gov/31831216'}}"
"[580, 9, 4149]",[-0.38425883650779724],C0005310,betamethasone acetate,TREATS,C0035235,Respiratory Syncytial Virus Infections,,,
"[5438, 9, 3398]",[-0.4082290828227997],C0058445,dirithromycin,TREATS,C0028887,Oesophagostomiasis,,,
"[4012, 9, 3444]",[-0.4226892292499542],C0034235,pyrantel,TREATS,C0029291,Psittacosis,,,
"[15216, 9, 15029]",[-0.45744165778160095],C4547051,Pemafibrate,TREATS,C4303663,Extensive stage primary small cell carcinoma of lung,,,
"[6517, 9, 3467]",[-0.4579448699951172],C0108411,carbon fiber,TREATS,C0029456,Osteoporosis,"['39303931', '39166701', '32829232', '32017475', '29497852', '16732432', '11938509', '3429470', '7108319']","['39303931: https://pubmed.ncbi.nlm.nih.gov/39303931', '39166701: https://pubmed.ncbi.nlm.nih.gov/39166701', '32829232: https://pubmed.ncbi.nlm.nih.gov/32829232', '32017475: https://pubmed.ncbi.nlm.nih.gov/32017475', '29497852: https://pubmed.ncbi.nlm.nih.gov/29497852', '16732432: https://pubmed.ncbi.nlm.nih.gov/16732432', '11938509: https://pubmed.ncbi.nlm.nih.gov/11938509', '3429470: https://pubmed.ncbi.nlm.nih.gov/3429470', '7108319: https://pubmed.ncbi.nlm.nih.gov/7108319']","{'39303931': {'Title': 'Preventive effects of transcutaneous CO(2) application on disuse osteoporosis and muscle atrophy in a rat hindlimb suspension model.', 'Authors': 'Nishida R, Fukui T, Niikura T, Kumabe Y, Yoshikawa R, Takase K, Yamamoto Y, Kuroda R, Oe K', 'Source': 'Bone', 'PubDate': '2024 Dec', 'DOI': '10.1016/j.bone.2024.117262', 'Volume': '189', 'Issue': '', 'Pages': '117262', 'URL': '39303931: https://pubmed.ncbi.nlm.nih.gov/39303931'}, '39166701': {'Title': 'Intelligent Supramolecular Modification for Implants: Endogenous Regulation of Bone Defect Repair in Osteoporosis.', 'Authors': 'Zhou X, Jiang J, Dang J, Wang Y, Hu R, Shen C, Zhao T, Sun D, Wang G, Zhang M', 'Source': 'Adv Mater', 'PubDate': '2024 Oct', 'DOI': '10.1002/adma.202406227', 'Volume': '36', 'Issue': '40', 'Pages': 'e2406227', 'URL': '39166701: https://pubmed.ncbi.nlm.nih.gov/39166701'}, '32829232': {'Title': 'Biomechanical effects of posterior pedicle screw-based instrumentation using titanium versus carbon fiber reinforced PEEK in an osteoporotic spine human cadaver model.', 'Authors': 'Oikonomidis S, Greven J, Bredow J, Eh M, Prescher A, Fischer H, Thüring J, Eysel P, Hildebrand F, Kobbe P, Scheyerer MJ, Herren C', 'Source': 'Clin Biomech (Bristol)', 'PubDate': '2020 Dec', 'DOI': '10.1016/j.clinbiomech.2020.105153', 'Volume': '80', 'Issue': '', 'Pages': '105153', 'URL': '32829232: https://pubmed.ncbi.nlm.nih.gov/32829232'}, '32017475': {'Title': 'Micromorphological assessment of bone tissue remodeling in various hip degeneration conditions.', 'Authors': 'Kulej M, Dragan SŁ, Kuryszko J, Kuropka P, Widuchowski W, Dragan SF', 'Source': 'Adv Clin Exp Med', 'PubDate': '2020 Jan', 'DOI': '10.17219/acem/112059', 'Volume': '29', 'Issue': '1', 'Pages': '51-61', 'URL': '32017475: https://pubmed.ncbi.nlm.nih.gov/32017475'}, '29497852': {'Title': 'Pedicle screw anchorage of carbon fiber-reinforced PEEK screws under cyclic loading.', 'Authors': 'Lindtner RA, Schmid R, Nydegger T, Konschake M, Schmoelz W', 'Source': 'Eur Spine J', 'PubDate': '2018 Aug', 'DOI': '10.1007/s00586-018-5538-8', 'Volume': '27', 'Issue': '8', 'Pages': '1775-1784', 'URL': '29497852: https://pubmed.ncbi.nlm.nih.gov/29497852'}, '16732432': {'Title': 'Assessment of carbon fibre composite fracture fixation plate using finite element analysis.', 'Authors': 'Saidpour SH', 'Source': 'Ann Biomed Eng', 'PubDate': '2006 Jul', 'DOI': '10.1007/s10439-006-9102-z', 'Volume': '34', 'Issue': '7', 'Pages': '1157-63', 'URL': '16732432: https://pubmed.ncbi.nlm.nih.gov/16732432'}, '11938509': {'Title': 'The use of a carbon fiber plate for periprosthetic supracondylar femoral fractures.', 'Authors': 'Al-Shawi AK, Smith SP, Anderson GH', 'Source': 'J Arthroplasty', 'PubDate': '2002 Apr', 'DOI': '10.1054/arth.2002.30291', 'Volume': '17', 'Issue': '3', 'Pages': '320-4', 'URL': '11938509: https://pubmed.ncbi.nlm.nih.gov/11938509'}, '3429470': {'Title': 'The design and analysis of a laminated partially degradable composite bone plate for fracture fixation.', 'Authors': 'Zimmerman M, Parsons JR, Alexander H', 'Source': 'J Biomed Mater Res', 'PubDate': '1987 Dec', 'DOI': 'No DOI available', 'Volume': '21', 'Issue': 'A3 Suppl', 'Pages': '345-61', 'URL': '3429470: https://pubmed.ncbi.nlm.nih.gov/3429470'}, '7108319': {'Title': '[Experimental studies on ""less rigid"" polyacetal plates for fracture fixation (author\'s transl)].', 'Authors': 'Kusunose K', 'Source': 'Nihon Seikeigeka Gakkai Zasshi', 'PubDate': '1982 May', 'DOI': 'No DOI available', 'Volume': '56', 'Issue': '5', 'Pages': '399-414', 'URL': '7108319: https://pubmed.ncbi.nlm.nih.gov/7108319'}}"
"[4816, 9, 4932]",[-0.6277817487716675],C0040975,tretamine,TREATS,C0042029,Urinary tract infection,,,
"[3746, 9, 9348]",[-0.7256583571434021],C0031962,piperonyl butoxide,TREATS,C0405580,Adrenal cortical hypofunction,,,
"[14551, 9, 4883]",[-0.781569242477417],C3536844,Antimalarial [EPC],TREATS,C0041471,TYPHUS,"['39530857', '39448533', '39448532', '39331879', '39282517', '38960428', '38905360', '38881302', '38784570', '38454387']","['39530857: https://pubmed.ncbi.nlm.nih.gov/39530857', '39448533: https://pubmed.ncbi.nlm.nih.gov/39448533', '39448532: https://pubmed.ncbi.nlm.nih.gov/39448532', '39331879: https://pubmed.ncbi.nlm.nih.gov/39331879', '39282517: https://pubmed.ncbi.nlm.nih.gov/39282517', '38960428: https://pubmed.ncbi.nlm.nih.gov/38960428', '38905360: https://pubmed.ncbi.nlm.nih.gov/38905360', '38881302: https://pubmed.ncbi.nlm.nih.gov/38881302', '38784570: https://pubmed.ncbi.nlm.nih.gov/38784570', '38454387: https://pubmed.ncbi.nlm.nih.gov/38454387']","{'39530857': {'Title': 'Scrub Typhus Outbreak among Soldiers in Coastal Training Area, Australia, 2022.', 'Authors': 'Suhr R, Belonogoff S, McCallum F, Smith J, Shanks GD', 'Source': 'Emerg Infect Dis', 'PubDate': '2024 Nov', 'DOI': '10.3201/eid3014.240056', 'Volume': '30', 'Issue': '14', 'Pages': '41-46', 'URL': '39530857: https://pubmed.ncbi.nlm.nih.gov/39530857'}, '39448533': {'Title': 'Scrub typhus presenting as mitral valve infective endocarditis.', 'Authors': 'Devi S, Das D, Acharya D, Das T, Singh S, Gupta JD, Pramanik S', 'Source': 'Natl Med J India', 'PubDate': '2024 Jul-Aug', 'DOI': '10.25259/NMJI_295_21', 'Volume': '37', 'Issue': '4', 'Pages': '203-204', 'URL': '39448533: https://pubmed.ncbi.nlm.nih.gov/39448533'}, '39448532': {'Title': 'Scrub typhus presenting with massive splenomegaly and lobar pneumonia.', 'Authors': 'Vihari J, Aditya A, Krishna AV, Roja T, Elika M, Pooja U', 'Source': 'Natl Med J India', 'PubDate': '2024 Jul-Aug', 'DOI': '10.25259/NMJI_1001_2021', 'Volume': '37', 'Issue': '4', 'Pages': '200-202', 'URL': '39448532: https://pubmed.ncbi.nlm.nih.gov/39448532'}, '39331879': {'Title': 'Two complicated cases of severe scrub typhus, eschar- a non-negligible sign: Case reports and literature review.', 'Authors': 'Cai DH, Fang XL', 'Source': 'Medicine (Baltimore)', 'PubDate': '2024 Sep 27', 'DOI': '10.1097/MD.0000000000039879', 'Volume': '103', 'Issue': '39', 'Pages': 'e39879', 'URL': '39331879: https://pubmed.ncbi.nlm.nih.gov/39331879'}, '39282517': {'Title': 'Case Report: Scrub Typhus manifesting as Acute Respiratory Distress Syndrome (ARDS) with corresponding radiological findings.', 'Authors': 'Dinesh Bhanushali J, Ghewade B, Jadhav U', 'Source': 'F1000Res', 'PubDate': '2023', 'DOI': '10.12688/f1000research.141986.2', 'Volume': '12', 'Issue': '', 'Pages': '1596', 'URL': '39282517: https://pubmed.ncbi.nlm.nih.gov/39282517'}, '38960428': {'Title': 'Acute intravascular haemolysis associated with scrub typhus.', 'Authors': 'Ganguly D, Chandra A, Maitra S, Malakar SL', 'Source': 'BMJ Case Rep', 'PubDate': '2024 Jul 2', 'DOI': '10.1136/bcr-2024-261003', 'Volume': '17', 'Issue': '7', 'Pages': '', 'URL': '38960428: https://pubmed.ncbi.nlm.nih.gov/38960428'}, '38905360': {'Title': 'A case of scrub typhus with meningitis as the onset: Case report and literature review.', 'Authors': 'Zhang BC, Yang ZB, Liao RL, Ma ZQ, Zhang QJ, He QK, Duan XY, Liu MW', 'Source': 'Medicine (Baltimore)', 'PubDate': '2024 Jun 21', 'DOI': '10.1097/MD.0000000000038613', 'Volume': '103', 'Issue': '25', 'Pages': 'e38613', 'URL': '38905360: https://pubmed.ncbi.nlm.nih.gov/38905360'}, '38881302': {'Title': 'Ocular inflammation in tsutsugamushi disease - a case report.', 'Authors': 'Chang WH, Hung CH', 'Source': 'Eur J Ophthalmol', 'PubDate': '2024 Sep', 'DOI': '10.1177/11206721241262840', 'Volume': '34', 'Issue': '5', 'Pages': 'NP83-NP86', 'URL': '38881302: https://pubmed.ncbi.nlm.nih.gov/38881302'}, '38784570': {'Title': 'mNGS helped diagnose scrub typhus-associated HLH in children: a report of two cases.', 'Authors': 'Jian H, Yang QX, Duan JX, Lai SY, Che GL, Teng J, Chang L, Liu XJ, Luo LL, Liu F', 'Source': 'Front Public Health', 'PubDate': '2024', 'DOI': '10.3389/fpubh.2024.1321123', 'Volume': '12', 'Issue': '', 'Pages': '1321123', 'URL': '38784570: https://pubmed.ncbi.nlm.nih.gov/38784570'}, '38454387': {'Title': 'Retinochoroiditis secondary to Rickettsia typhi infection: a case report.', 'Authors': 'Makhoul J, Ben-Arie-Weintrob Y, Ben Ephraim Noyman D', 'Source': 'BMC Ophthalmol', 'PubDate': '2024 Mar 7', 'DOI': '10.1186/s12886-024-03329-5', 'Volume': '24', 'Issue': '1', 'Pages': '111', 'URL': '38454387: https://pubmed.ncbi.nlm.nih.gov/38454387'}}"
"[3245, 9, 998]",[-0.805400013923645],C0027410,Narcotic Antagonists,TREATS,C0008354,Cholera,"['33490291', '32032601', '26879913', '26035913', '21972236', '21486275', '20097777', '15099699', '11689159', '11483873']","['33490291: https://pubmed.ncbi.nlm.nih.gov/33490291', '32032601: https://pubmed.ncbi.nlm.nih.gov/32032601', '26879913: https://pubmed.ncbi.nlm.nih.gov/26879913', '26035913: https://pubmed.ncbi.nlm.nih.gov/26035913', '21972236: https://pubmed.ncbi.nlm.nih.gov/21972236', '21486275: https://pubmed.ncbi.nlm.nih.gov/21486275', '20097777: https://pubmed.ncbi.nlm.nih.gov/20097777', '15099699: https://pubmed.ncbi.nlm.nih.gov/15099699', '11689159: https://pubmed.ncbi.nlm.nih.gov/11689159', '11483873: https://pubmed.ncbi.nlm.nih.gov/11483873']","{'33490291': {'Title': 'Selenium Nanoparticles Induce Potent Protective Immune Responses against Vibrio cholerae WC Vaccine in a Mouse Model.', 'Authors': 'Raahati Z, Bakhshi B, Najar-Peerayeh S', 'Source': 'J Immunol Res', 'PubDate': '2020', 'DOI': '10.1155/2020/8874288', 'Volume': '2020', 'Issue': '', 'Pages': '8874288', 'URL': '33490291: https://pubmed.ncbi.nlm.nih.gov/33490291'}, '32032601': {'Title': 'Antidiarrheal activity of farnesol in rodents: Pharmacological actions and molecular docking.', 'Authors': 'da Costa DS, Negreiros PDS, da Silva VG, Nunes DB, Acha BT, Quintans-Junior LJ, Antunes de Souza Araújo A, Araújo TSL, Sousa FBM, Medeiros JVR, Lima FDCA, da Silva FI, Magalhães Costa RK, Santos RFD, Oliveira RCM', 'Source': 'Eur J Pharmacol', 'PubDate': '2020 May 5', 'DOI': '10.1016/j.ejphar.2020.172986', 'Volume': '874', 'Issue': '', 'Pages': '172986', 'URL': '32032601: https://pubmed.ncbi.nlm.nih.gov/32032601'}, '26879913': {'Title': 'The efficacy of a sulphated polysaccharide fraction from Hypnea musciformis against diarrhea in rodents.', 'Authors': 'Sousa NA, Barros FC, Araújo TS, Costa DS, Souza LK, Sousa FB, Leódido AC, Pacífico DM, de Araújo S, Bezerra FF, Freitas AL, Medeiros JV', 'Source': 'Int J Biol Macromol', 'PubDate': '2016 May', 'DOI': '10.1016/j.ijbiomac.2016.02.028', 'Volume': '86', 'Issue': '', 'Pages': '865-75', 'URL': '26879913: https://pubmed.ncbi.nlm.nih.gov/26879913'}, '26035913': {'Title': 'A case of physical and psychological dependence on butorphanol.', 'Authors': 'Harshe DG, Mate OS, Cholera RM, Kale S', 'Source': 'J Opioid Manag', 'PubDate': '2015 Mar-Apr', 'DOI': 'No DOI available', 'Volume': '11', 'Issue': '2', 'Pages': '112-3', 'URL': '26035913: https://pubmed.ncbi.nlm.nih.gov/26035913'}, '21972236': {'Title': 'Pleiotropic opioid regulation of spinal endomorphin 2 release and its adaptations to opioid withdrawal are sexually dimorphic.', 'Authors': 'Chakrabarti S, Liu NJ, Zadina JE, Sharma T, Gintzler AR', 'Source': 'J Pharmacol Exp Ther', 'PubDate': '2012 Jan', 'DOI': '10.1124/jpet.111.186874', 'Volume': '340', 'Issue': '1', 'Pages': '56-63', 'URL': '21972236: https://pubmed.ncbi.nlm.nih.gov/21972236'}, '21486275': {'Title': 'Antagonists show GTP-sensitive high-affinity binding to the sigma-1 receptor.', 'Authors': 'Brimson JM, Brown CA, Safrany ST', 'Source': 'Br J Pharmacol', 'PubDate': '2011 Sep', 'DOI': '10.1111/j.1476-5381.2011.01417.x', 'Volume': '164', 'Issue': '2b', 'Pages': '772-80', 'URL': '21486275: https://pubmed.ncbi.nlm.nih.gov/21486275'}, '20097777': {'Title': 'Subcellular localization of mu-opioid receptor G(s) signaling.', 'Authors': 'Chakrabarti S, Chang A, Gintzler AR', 'Source': 'J Pharmacol Exp Ther', 'PubDate': '2010 Apr', 'DOI': '10.1124/jpet.109.165142', 'Volume': '333', 'Issue': '1', 'Pages': '193-200', 'URL': '20097777: https://pubmed.ncbi.nlm.nih.gov/20097777'}, '15099699': {'Title': 'Receptor mechanisms mediating cyanide generation in PC12 cells and rat brain.', 'Authors': 'Gunasekar PG, Prabhakaran K, Li L, Zhang L, Isom GE, Borowitz JL', 'Source': 'Neurosci Res', 'PubDate': '2004 May', 'DOI': '10.1016/j.neures.2004.01.006', 'Volume': '49', 'Issue': '1', 'Pages': '13-8', 'URL': '15099699: https://pubmed.ncbi.nlm.nih.gov/15099699'}, '11689159': {'Title': 'Cholera toxin-B subunit blocks excitatory opioid receptor-mediated hyperalgesic effects in mice, thereby unmasking potent opioid analgesia and attenuating opioid tolerance/dependence.', 'Authors': 'Shen KF, Crain SM', 'Source': 'Brain Res', 'PubDate': '2001 Nov 16', 'DOI': '10.1016/s0006-8993(01)02990-0', 'Volume': '919', 'Issue': '1', 'Pages': '20-30', 'URL': '11689159: https://pubmed.ncbi.nlm.nih.gov/11689159'}, '11483873': {'Title': 'Kappa-opioid receptor agonist inhibits the cholera toxin-sensitive G protein in the heart.', 'Authors': 'Yu XC, Diao TM, Pei JM, Zhang WM, Wong NS, Wong TM', 'Source': 'J Cardiovasc Pharmacol', 'PubDate': '2001 Aug', 'DOI': '10.1097/00005344-200108000-00009', 'Volume': '38', 'Issue': '2', 'Pages': '232-9', 'URL': '11483873: https://pubmed.ncbi.nlm.nih.gov/11483873'}}"
"[1428, 9, 3594]",[-0.9464011192321777],C0012186,Diethyl Pyrocarbonate,TREATS,C0030807,Pemphigus,,,
"[7000, 9, 1940]",[-0.9964622259140015],C0163557,milbemycin B,TREATS,C0016509,Foot Dermatoses,,,
"[5779, 9, 4155]",[-1.083665132522583],C0069454,olsalazine,TREATS,C0035258,Restless Legs Syndrome,,,
"[5950, 9, 8952]",[-1.2966707944869995],C0074455,shikonin,TREATS,C0343386,Clostridium difficile infection,,,
"[5261, 9, 9655]",[-1.339481234550476],C0053882,cefprozil,TREATS,C0458219,Complex Regional Pain Syndromes,,,
"[3078, 9, 8941]",[-1.3609768152236938],C0025893,Mezlocillin,TREATS,C0342827,Delta-4-3-oxosteroid-5-beta-reductase deficiency,,,
"[14686, 9, 2720]",[-1.4541195631027222],C3714801,cyanocobalamin,TREATS,C0023219,Leg Dermatoses,,,
"[3854, 9, 7957]",[-1.4835119247436523],C0032950,prednisolone,TREATS,C0238462,Medullary carcinoma of thyroid,"['35128965', '10689944']","['35128965: https://pubmed.ncbi.nlm.nih.gov/35128965', '10689944: https://pubmed.ncbi.nlm.nih.gov/10689944']","{'35128965': {'Title': 'Bilateral optic disc edema as a possible complication of cabozantinib use-a case report.', 'Authors': 'Huang YT, Lin CJ, Tsai YY, Hsia NY', 'Source': 'Eur J Ophthalmol', 'PubDate': '2023 May', 'DOI': '10.1177/11206721221078675', 'Volume': '33', 'Issue': '3', 'Pages': 'NP56-NP59', 'URL': '35128965: https://pubmed.ncbi.nlm.nih.gov/35128965'}, '10689944': {'Title': '[Direct Gram staining of blood culture sample enabled the early diagnosis of brain abscess due to Listeria monocytogenes].', 'Authors': 'Takano A, Adachi H, Mizuno M, Kawamura K, Sobue G', 'Source': 'Rinsho Shinkeigaku', 'PubDate': '1999 Nov', 'DOI': 'No DOI available', 'Volume': '39', 'Issue': '11', 'Pages': '1164-7', 'URL': '10689944: https://pubmed.ncbi.nlm.nih.gov/10689944'}}"
"[12084, 9, 1266]",[-1.6932306289672852],C1101838,pitavastatin,TREATS,C0010674,Cystic Fibrosis,,,
"[1044, 9, 1545]",[-1.8384301662445068],C0008777,cilastatin,TREATS,C0013298,Duodenitis,"['23961409', '19226202', '16236177', '10425712', '7620110', '8072193', '8141778', '8352517']","['23961409: https://pubmed.ncbi.nlm.nih.gov/23961409', '19226202: https://pubmed.ncbi.nlm.nih.gov/19226202', '16236177: https://pubmed.ncbi.nlm.nih.gov/16236177', '10425712: https://pubmed.ncbi.nlm.nih.gov/10425712', '7620110: https://pubmed.ncbi.nlm.nih.gov/7620110', '8072193: https://pubmed.ncbi.nlm.nih.gov/8072193', '8141778: https://pubmed.ncbi.nlm.nih.gov/8141778', '8352517: https://pubmed.ncbi.nlm.nih.gov/8352517']","{'23961409': {'Title': 'Imipenem/cilastatin sodium (IPM/CS) as an embolic agent for transcatheter arterial embolisation: a preliminary clinical study of gastrointestinal bleeding from neoplasms.', 'Authors': 'Woodhams R, Nishimaki H, Ogasawara G, Fujii K, Yamane T, Ishida K, Kashimi F, Matsunaga K, Takigawa M', 'Source': 'Springerplus', 'PubDate': '2013', 'DOI': '10.1186/2193-1801-2-344', 'Volume': '2', 'Issue': '', 'Pages': '344', 'URL': '23961409: https://pubmed.ncbi.nlm.nih.gov/23961409'}, '19226202': {'Title': 'Choosing antibiotics for intra-abdominal infections: what do we mean by ""high risk""?', 'Authors': 'Swenson BR, Metzger R, Hedrick TL, McElearney ST, Evans HL, Smith RL, Chong TW, Popovsky KA, Pruett TL, Sawyer RG', 'Source': 'Surg Infect (Larchmt)', 'PubDate': '2009 Feb', 'DOI': '10.1089/sur.2007.041', 'Volume': '10', 'Issue': '1', 'Pages': '29-39', 'URL': '19226202: https://pubmed.ncbi.nlm.nih.gov/19226202'}, '16236177': {'Title': 'A multicenter trial of the efficacy and safety of tigecycline versus imipenem/cilastatin in patients with complicated intra-abdominal infections [Study ID Numbers: 3074A1-301-WW; ClinicalTrials.gov Identifier: NCT00081744].', 'Authors': 'Oliva ME, Rekha A, Yellin A, Pasternak J, Campos M, Rose GM, Babinchak T, Ellis-Grosse EJ, Loh E, 301 Study Group', 'Source': 'BMC Infect Dis', 'PubDate': '2005 Oct 19', 'DOI': '10.1186/1471-2334-5-88', 'Volume': '5', 'Issue': '', 'Pages': '88', 'URL': '16236177: https://pubmed.ncbi.nlm.nih.gov/16236177'}, '10425712': {'Title': 'Rat and human membrane dipeptidase: tissue distribution and developmental changes.', 'Authors': 'Kera Y, Liu Z, Matsumoto T, Sorimachi Y, Nagasaki H, Yamada RH', 'Source': 'Comp Biochem Physiol B Biochem Mol Biol', 'PubDate': '1999 May', 'DOI': '10.1016/s0305-0491(99)00039-5', 'Volume': '123', 'Issue': '1', 'Pages': '53-8', 'URL': '10425712: https://pubmed.ncbi.nlm.nih.gov/10425712'}, '7620110': {'Title': 'Mucosal pharmacokinetics and pilot study of short course of parenteral imipenem in the eradication of Helicobacter pylori.', 'Authors': 'Sung JJ, Chung SC, Hosking SW, Chan RC, Ling TK, Yung MY, Cheng AF, Li AK', 'Source': 'J Gastroenterol Hepatol', 'PubDate': '1995 Jan-Feb', 'DOI': '10.1111/j.1440-1746.1995.tb01050.x', 'Volume': '10', 'Issue': '1', 'Pages': '66-9', 'URL': '7620110: https://pubmed.ncbi.nlm.nih.gov/7620110'}, '8072193': {'Title': '[Treatment with arbekacin of surgical infections by resistant strains of Staphylococcus aureus. Arbekacin Study Group].', 'Authors': 'Morimoto K, Nakatani S, Kaji M, Kinoshita H, Fujimoto M, Hirata S, Ueda T, Tamate S, Yamazaki O', 'Source': 'Jpn J Antibiot', 'PubDate': '1994 Jun', 'DOI': 'No DOI available', 'Volume': '47', 'Issue': '6', 'Pages': '826-36', 'URL': '8072193: https://pubmed.ncbi.nlm.nih.gov/8072193'}, '8141778': {'Title': 'Metabolism of aspartame by human and pig intestinal microvillar peptidases.', 'Authors': 'Hooper NM, Hesp RJ, Tieku S', 'Source': 'Biochem J', 'PubDate': '1994 Mar 15', 'DOI': '10.1042/bj2980635', 'Volume': '298 Pt 3', 'Issue': 'Pt 3', 'Pages': '635-9', 'URL': '8141778: https://pubmed.ncbi.nlm.nih.gov/8141778'}, '8352517': {'Title': '[Efficacy and tolerance of imipenem/cilastatin in the adjuvant treatment of surgery for peritonitis in patients over the age of 70 years].', 'Authors': 'Janvier G, Carles J', 'Source': 'Ann Chir', 'PubDate': '1993', 'DOI': 'No DOI available', 'Volume': '47', 'Issue': '4', 'Pages': '370-5', 'URL': '8352517: https://pubmed.ncbi.nlm.nih.gov/8352517'}}"
"[1762, 9, 4932]",[-3.272108554840088],C0015063,Ethyl Methanesulfonate,TREATS,C0042029,Urinary tract infection,"['25330814', '2856913']","['25330814: https://pubmed.ncbi.nlm.nih.gov/25330814', '2856913: https://pubmed.ncbi.nlm.nih.gov/2856913']","{'25330814': {'Title': 'Mutagenic biomonitoring of pirethroid insecticides in human lymphocyte cultures: use of micronuclei as biomarkers and recovery by Rosa canina extracts of mutagenic effects.', 'Authors': 'Kasimoglu C, Uysal H', 'Source': 'Pharm Biol', 'PubDate': '2015 May', 'DOI': '10.3109/13880209.2014.935865', 'Volume': '53', 'Issue': '5', 'Pages': '625-9', 'URL': '25330814: https://pubmed.ncbi.nlm.nih.gov/25330814'}, '2856913': {'Title': 'An adhesive protein capsule of Escherichia coli.', 'Authors': 'Orskov I, Birch-Andersen A, Duguid JP, Stenderup J, Orskov F', 'Source': 'Infect Immun', 'PubDate': '1985 Jan', 'DOI': '10.1128/iai.47.1.191-200.1985', 'Volume': '47', 'Issue': '1', 'Pages': '191-200', 'URL': '2856913: https://pubmed.ncbi.nlm.nih.gov/2856913'}}"
